-- phpMyAdmin SQL Dump
-- version 5.2.0
-- https://www.phpmyadmin.net/
--
-- Host: 127.0.0.1
-- Generation Time: Apr 06, 2023 at 07:05 AM
-- Server version: 10.4.24-MariaDB
-- PHP Version: 8.1.6

SET SQL_MODE = "NO_AUTO_VALUE_ON_ZERO";
START TRANSACTION;
SET time_zone = "+00:00";


/*!40101 SET @OLD_CHARACTER_SET_CLIENT=@@CHARACTER_SET_CLIENT */;
/*!40101 SET @OLD_CHARACTER_SET_RESULTS=@@CHARACTER_SET_RESULTS */;
/*!40101 SET @OLD_COLLATION_CONNECTION=@@COLLATION_CONNECTION */;
/*!40101 SET NAMES utf8mb4 */;

--
-- Database: `praetoria`
--

-- --------------------------------------------------------

--
-- Table structure for table `attributes`
--

CREATE TABLE `attributes` (
  `id` int(10) UNSIGNED NOT NULL,
  `name` varchar(255) COLLATE utf8mb4_unicode_ci NOT NULL,
  `type` varchar(255) COLLATE utf8mb4_unicode_ci DEFAULT NULL,
  `isActive` tinyint(1) NOT NULL DEFAULT 1,
  `created_at` timestamp NULL DEFAULT NULL,
  `updated_at` timestamp NULL DEFAULT NULL
) ENGINE=InnoDB DEFAULT CHARSET=utf8mb4 COLLATE=utf8mb4_unicode_ci;

--
-- Dumping data for table `attributes`
--

INSERT INTO `attributes` (`id`, `name`, `type`, `isActive`, `created_at`, `updated_at`) VALUES
(1, 'Description', 'text', 1, NULL, NULL),
(2, 'Logo', 'text', 1, NULL, NULL),
(3, 'Population', 'text', 1, NULL, NULL),
(4, 'Animal', 'text', 1, '2022-10-12 18:06:56', '2022-10-12 18:06:56'),
(5, 'Name', 'text', 1, '2022-10-13 07:23:16', '2022-10-13 07:23:16'),
(6, 'Family', 'family', 1, '2023-04-06 02:37:40', '2023-04-06 08:27:55'),
(7, 'Religion', 'religion', 1, '2023-04-06 02:38:39', '2023-04-06 08:26:08'),
(8, 'Kingdom', 'kingdom', 1, '2023-04-06 02:38:41', '2023-04-06 05:51:14'),
(9, 'Email', 'text', 1, '2023-04-06 08:32:03', '2023-04-06 08:32:27'),
(10, 'Username', 'text', 1, '2023-04-06 08:33:01', '2023-04-06 08:33:28');

-- --------------------------------------------------------

--
-- Table structure for table `calendar_events`
--

CREATE TABLE `calendar_events` (
  `id` int(10) UNSIGNED NOT NULL,
  `title` varchar(255) COLLATE utf8mb4_unicode_ci NOT NULL,
  `start` datetime NOT NULL,
  `end` datetime NOT NULL,
  `user_create_id` int(11) DEFAULT NULL,
  `user_update_id` int(11) DEFAULT NULL,
  `user_delete_id` int(11) DEFAULT NULL,
  `created_at` timestamp NULL DEFAULT NULL,
  `updated_at` timestamp NULL DEFAULT NULL
) ENGINE=InnoDB DEFAULT CHARSET=utf8mb4 COLLATE=utf8mb4_unicode_ci;

--
-- Dumping data for table `calendar_events`
--

INSERT INTO `calendar_events` (`id`, `title`, `start`, `end`, `user_create_id`, `user_update_id`, `user_delete_id`, `created_at`, `updated_at`) VALUES
(15, '[object Object]', '2022-09-08 00:00:00', '2022-09-09 00:00:00', 1, 1, 1, NULL, '2022-09-10 17:01:32'),
(16, 'asfaw', '2022-09-06 00:00:00', '2022-09-07 00:00:00', 1, 1, 1, NULL, '2022-09-10 17:01:47'),
(17, 'fawffwaf', '2022-09-07 00:00:00', '2022-09-08 00:00:00', 1, 1, 1, NULL, '2022-09-10 17:01:40');

-- --------------------------------------------------------

--
-- Table structure for table `failed_jobs`
--

CREATE TABLE `failed_jobs` (
  `id` bigint(20) UNSIGNED NOT NULL,
  `uuid` varchar(255) COLLATE utf8mb4_unicode_ci NOT NULL,
  `connection` text COLLATE utf8mb4_unicode_ci NOT NULL,
  `queue` text COLLATE utf8mb4_unicode_ci NOT NULL,
  `payload` longtext COLLATE utf8mb4_unicode_ci NOT NULL,
  `exception` longtext COLLATE utf8mb4_unicode_ci NOT NULL,
  `failed_at` timestamp NOT NULL DEFAULT current_timestamp()
) ENGINE=InnoDB DEFAULT CHARSET=utf8mb4 COLLATE=utf8mb4_unicode_ci;

-- --------------------------------------------------------

--
-- Table structure for table `families`
--

CREATE TABLE `families` (
  `id` int(10) UNSIGNED NOT NULL,
  `name` varchar(255) COLLATE utf8mb4_unicode_ci NOT NULL,
  `isActive` tinyint(1) NOT NULL DEFAULT 1,
  `created_at` timestamp NULL DEFAULT NULL,
  `updated_at` timestamp NULL DEFAULT NULL
) ENGINE=InnoDB DEFAULT CHARSET=utf8mb4 COLLATE=utf8mb4_unicode_ci;

--
-- Dumping data for table `families`
--

INSERT INTO `families` (`id`, `name`, `isActive`, `created_at`, `updated_at`) VALUES
(1, 'Octavii', 1, NULL, NULL),
(17, 'Scipii', 1, '2023-04-01 08:01:46', '2023-04-01 08:03:39'),
(18, 'Rapax', 1, '2023-04-01 08:04:08', '2023-04-01 08:04:21'),
(19, 'Fortii', 1, '2023-04-01 08:04:10', '2023-04-01 08:04:31');

-- --------------------------------------------------------

--
-- Table structure for table `family_attributes`
--

CREATE TABLE `family_attributes` (
  `id` int(10) UNSIGNED NOT NULL,
  `attribute_id` int(10) UNSIGNED NOT NULL
) ENGINE=InnoDB DEFAULT CHARSET=utf8mb4 COLLATE=utf8mb4_unicode_ci;

--
-- Dumping data for table `family_attributes`
--

INSERT INTO `family_attributes` (`id`, `attribute_id`) VALUES
(1, 1),
(2, 2),
(3, 3),
(4, 4),
(5, 5);

-- --------------------------------------------------------

--
-- Table structure for table `family_attribute_value`
--

CREATE TABLE `family_attribute_value` (
  `id` bigint(20) UNSIGNED NOT NULL,
  `family_attribute_id` int(10) UNSIGNED NOT NULL,
  `value_id` int(10) UNSIGNED NOT NULL,
  `created_at` timestamp NULL DEFAULT NULL,
  `updated_at` timestamp NULL DEFAULT NULL,
  `family_id` int(11) NOT NULL
) ENGINE=InnoDB DEFAULT CHARSET=utf8mb4 COLLATE=utf8mb4_unicode_ci;

--
-- Dumping data for table `family_attribute_value`
--

INSERT INTO `family_attribute_value` (`id`, `family_attribute_id`, `value_id`, `created_at`, `updated_at`, `family_id`) VALUES
(1, 1, 1, NULL, NULL, 1),
(2, 2, 2, NULL, NULL, 1),
(3, 3, 3, NULL, NULL, 1),
(28, 4, 28, '2022-10-12 20:11:04', '2022-10-12 20:11:04', 1),
(29, 4, 29, '2022-10-12 20:11:04', '2022-10-12 20:11:04', 2),
(30, 4, 30, '2022-10-12 20:11:04', '2022-10-12 20:11:04', 3),
(31, 4, 31, '2022-10-12 20:11:04', '2022-10-12 20:11:04', 4),
(44, 5, 44, '2022-10-13 07:24:48', '2022-10-13 07:24:48', 1),
(45, 5, 45, '2022-10-13 07:24:48', '2022-10-13 07:24:48', 2),
(46, 5, 46, '2022-10-13 07:24:48', '2022-10-13 07:24:48', 3),
(47, 5, 47, '2022-10-13 07:24:48', '2022-10-13 07:24:48', 4),
(66, 1, 66, '2023-04-01 08:01:46', '2023-04-01 08:01:46', 17),
(67, 2, 67, '2023-04-01 08:01:46', '2023-04-01 08:01:46', 17),
(68, 3, 68, '2023-04-01 08:01:46', '2023-04-01 08:01:46', 17),
(69, 4, 69, '2023-04-01 08:01:46', '2023-04-01 08:01:46', 17),
(70, 5, 70, '2023-04-01 08:01:46', '2023-04-01 08:01:46', 17),
(71, 1, 71, '2023-04-01 08:04:08', '2023-04-01 08:04:08', 18),
(72, 2, 72, '2023-04-01 08:04:08', '2023-04-01 08:04:08', 18),
(73, 3, 73, '2023-04-01 08:04:08', '2023-04-01 08:04:08', 18),
(74, 4, 74, '2023-04-01 08:04:08', '2023-04-01 08:04:08', 18),
(75, 5, 75, '2023-04-01 08:04:08', '2023-04-01 08:04:08', 18),
(76, 1, 76, '2023-04-01 08:04:10', '2023-04-01 08:04:10', 19),
(77, 2, 77, '2023-04-01 08:04:10', '2023-04-01 08:04:10', 19),
(78, 3, 78, '2023-04-01 08:04:10', '2023-04-01 08:04:10', 19),
(79, 4, 79, '2023-04-01 08:04:10', '2023-04-01 08:04:10', 19),
(80, 5, 80, '2023-04-01 08:04:10', '2023-04-01 08:04:10', 19),
(1334, 1, 1523, '2023-04-06 02:37:40', '2023-04-06 02:37:40', 6),
(1335, 2, 1524, '2023-04-06 02:37:40', '2023-04-06 02:37:40', 6),
(1336, 3, 1525, '2023-04-06 02:37:40', '2023-04-06 02:37:40', 6),
(1337, 4, 1526, '2023-04-06 02:37:40', '2023-04-06 02:37:40', 6),
(1338, 5, 1527, '2023-04-06 02:37:40', '2023-04-06 02:37:40', 6),
(1339, 1, 1528, '2023-04-06 02:38:39', '2023-04-06 02:38:39', 7),
(1340, 2, 1529, '2023-04-06 02:38:39', '2023-04-06 02:38:39', 7),
(1341, 3, 1530, '2023-04-06 02:38:39', '2023-04-06 02:38:39', 7),
(1342, 4, 1531, '2023-04-06 02:38:39', '2023-04-06 02:38:39', 7),
(1343, 5, 1532, '2023-04-06 02:38:39', '2023-04-06 02:38:39', 7),
(1344, 1, 1533, '2023-04-06 02:38:41', '2023-04-06 02:38:41', 8),
(1345, 2, 1534, '2023-04-06 02:38:41', '2023-04-06 02:38:41', 8),
(1346, 3, 1535, '2023-04-06 02:38:41', '2023-04-06 02:38:41', 8),
(1347, 4, 1536, '2023-04-06 02:38:41', '2023-04-06 02:38:41', 8),
(1348, 5, 1537, '2023-04-06 02:38:41', '2023-04-06 02:38:41', 8),
(1349, 1, 1721, '2023-04-06 08:32:03', '2023-04-06 08:32:03', 9),
(1350, 2, 1722, '2023-04-06 08:32:03', '2023-04-06 08:32:03', 9),
(1351, 3, 1723, '2023-04-06 08:32:03', '2023-04-06 08:32:03', 9),
(1352, 4, 1724, '2023-04-06 08:32:03', '2023-04-06 08:32:03', 9),
(1353, 5, 1725, '2023-04-06 08:32:03', '2023-04-06 08:32:03', 9),
(1354, 1, 1726, '2023-04-06 08:33:01', '2023-04-06 08:33:01', 10),
(1355, 2, 1727, '2023-04-06 08:33:01', '2023-04-06 08:33:01', 10),
(1356, 3, 1728, '2023-04-06 08:33:01', '2023-04-06 08:33:01', 10),
(1357, 4, 1729, '2023-04-06 08:33:01', '2023-04-06 08:33:01', 10),
(1358, 5, 1730, '2023-04-06 08:33:01', '2023-04-06 08:33:01', 10);

-- --------------------------------------------------------

--
-- Table structure for table `forum_categories`
--

CREATE TABLE `forum_categories` (
  `id` int(10) UNSIGNED NOT NULL,
  `title` varchar(255) COLLATE utf8mb4_unicode_ci NOT NULL,
  `description` varchar(255) COLLATE utf8mb4_unicode_ci DEFAULT NULL,
  `accepts_threads` tinyint(1) NOT NULL DEFAULT 0,
  `newest_thread_id` int(10) UNSIGNED DEFAULT NULL,
  `latest_active_thread_id` int(10) UNSIGNED DEFAULT NULL,
  `thread_count` int(11) NOT NULL DEFAULT 0,
  `post_count` int(11) NOT NULL DEFAULT 0,
  `is_private` tinyint(1) NOT NULL DEFAULT 0,
  `created_at` timestamp NULL DEFAULT NULL,
  `updated_at` timestamp NULL DEFAULT NULL,
  `_lft` int(10) UNSIGNED NOT NULL DEFAULT 0,
  `_rgt` int(10) UNSIGNED NOT NULL DEFAULT 0,
  `parent_id` int(10) UNSIGNED DEFAULT NULL,
  `color` varchar(255) COLLATE utf8mb4_unicode_ci DEFAULT NULL
) ENGINE=InnoDB DEFAULT CHARSET=utf8mb4 COLLATE=utf8mb4_unicode_ci;

--
-- Dumping data for table `forum_categories`
--

INSERT INTO `forum_categories` (`id`, `title`, `description`, `accepts_threads`, `newest_thread_id`, `latest_active_thread_id`, `thread_count`, `post_count`, `is_private`, `created_at`, `updated_at`, `_lft`, `_rgt`, `parent_id`, `color`) VALUES
(1, 'Senat', '', 1, 1, 1, 1, 2, 0, '2023-04-06 03:26:37', '2023-04-06 03:26:37', 1, 2, NULL, '#673AB7');

-- --------------------------------------------------------

--
-- Table structure for table `forum_posts`
--

CREATE TABLE `forum_posts` (
  `id` int(10) UNSIGNED NOT NULL,
  `thread_id` int(10) UNSIGNED NOT NULL,
  `author_id` int(10) UNSIGNED NOT NULL,
  `content` text COLLATE utf8mb4_unicode_ci NOT NULL,
  `post_id` int(10) UNSIGNED DEFAULT NULL,
  `sequence` int(10) UNSIGNED NOT NULL DEFAULT 0,
  `created_at` timestamp NULL DEFAULT NULL,
  `updated_at` timestamp NULL DEFAULT NULL,
  `deleted_at` timestamp NULL DEFAULT NULL
) ENGINE=InnoDB DEFAULT CHARSET=utf8mb4 COLLATE=utf8mb4_unicode_ci;

--
-- Dumping data for table `forum_posts`
--

INSERT INTO `forum_posts` (`id`, `thread_id`, `author_id`, `content`, `post_id`, `sequence`, `created_at`, `updated_at`, `deleted_at`) VALUES
(1, 1, 1, 'testing forum', NULL, 1, '2023-04-06 03:30:08', '2023-04-06 03:30:08', NULL),
(2, 1, 1, 'test 2', NULL, 2, '2023-04-06 03:47:19', '2023-04-06 03:47:19', NULL);

-- --------------------------------------------------------

--
-- Table structure for table `forum_threads`
--

CREATE TABLE `forum_threads` (
  `id` int(10) UNSIGNED NOT NULL,
  `category_id` int(10) UNSIGNED NOT NULL,
  `author_id` int(10) UNSIGNED NOT NULL,
  `title` varchar(255) COLLATE utf8mb4_unicode_ci NOT NULL,
  `pinned` tinyint(1) DEFAULT 0,
  `locked` tinyint(1) DEFAULT 0,
  `first_post_id` int(10) UNSIGNED DEFAULT NULL,
  `last_post_id` int(10) UNSIGNED DEFAULT NULL,
  `reply_count` int(11) NOT NULL DEFAULT 0,
  `created_at` timestamp NULL DEFAULT NULL,
  `updated_at` timestamp NULL DEFAULT NULL,
  `deleted_at` timestamp NULL DEFAULT NULL
) ENGINE=InnoDB DEFAULT CHARSET=utf8mb4 COLLATE=utf8mb4_unicode_ci;

--
-- Dumping data for table `forum_threads`
--

INSERT INTO `forum_threads` (`id`, `category_id`, `author_id`, `title`, `pinned`, `locked`, `first_post_id`, `last_post_id`, `reply_count`, `created_at`, `updated_at`, `deleted_at`) VALUES
(1, 1, 1, 'test', 0, 0, 1, 2, 1, '2023-04-06 03:30:08', '2023-04-06 03:47:19', NULL);

-- --------------------------------------------------------

--
-- Table structure for table `forum_threads_read`
--

CREATE TABLE `forum_threads_read` (
  `thread_id` int(10) UNSIGNED NOT NULL,
  `user_id` int(10) UNSIGNED NOT NULL,
  `created_at` timestamp NULL DEFAULT NULL,
  `updated_at` timestamp NULL DEFAULT NULL
) ENGINE=InnoDB DEFAULT CHARSET=utf8mb4 COLLATE=utf8mb4_unicode_ci;

--
-- Dumping data for table `forum_threads_read`
--

INSERT INTO `forum_threads_read` (`thread_id`, `user_id`, `created_at`, `updated_at`) VALUES
(1, 1, '2023-04-06 03:47:07', '2023-04-06 03:47:20');

-- --------------------------------------------------------

--
-- Table structure for table `guilds`
--

CREATE TABLE `guilds` (
  `id` int(10) UNSIGNED NOT NULL,
  `name` varchar(255) COLLATE utf8mb4_unicode_ci NOT NULL,
  `isActive` tinyint(1) NOT NULL DEFAULT 1,
  `created_at` timestamp NULL DEFAULT NULL,
  `updated_at` timestamp NULL DEFAULT NULL
) ENGINE=InnoDB DEFAULT CHARSET=utf8mb4 COLLATE=utf8mb4_unicode_ci;

--
-- Dumping data for table `guilds`
--

INSERT INTO `guilds` (`id`, `name`, `isActive`, `created_at`, `updated_at`) VALUES
(1, 'Legio Praetoria', 1, NULL, NULL),
(2, 'Brabancourt', 1, NULL, NULL),
(3, 'Gorghor Baey', 1, NULL, NULL),
(4, 'Légion Infernale', 1, NULL, NULL),
(5, 'Compagnons de Lambertrand', 1, NULL, NULL),
(6, 'Kabbale', 1, NULL, NULL),
(7, 'Phoenix', 1, NULL, NULL),
(8, 'Vieux Garou', 1, NULL, NULL),
(9, 'Hullsbourg', 1, NULL, NULL),
(10, 'Salmarak', 1, NULL, NULL),
(11, 'Famille Cordélian	', 1, NULL, NULL),
(12, 'La Meute', 1, NULL, NULL),
(13, 'Mac Rae', 1, NULL, NULL),
(14, 'Ordre de la Rédemption', 1, NULL, NULL),
(15, 'Castenza', 1, NULL, NULL),
(16, 'Fer de Lance', 1, NULL, NULL),
(17, 'Gaïa', 1, NULL, NULL),
(18, 'Hibou d\'Argent', 1, NULL, NULL),
(19, 'Lotus No Chi', 1, NULL, NULL),
(20, 'Montfort', 1, NULL, NULL),
(21, 'Rangers', 1, NULL, NULL),
(22, 'Saint-Ordre du Poing de Fer', 1, NULL, NULL),
(23, 'Tératos', 1, NULL, NULL),
(24, 'Vand\'Hals', 1, NULL, NULL),
(25, 'Fhaîn', 1, NULL, NULL),
(26, 'Mages de Diedne', 1, NULL, NULL),
(27, 'Ordre du Lys d\'Argent', 1, NULL, NULL),
(28, 'Saint-Ordre des Templiers', 1, NULL, NULL),
(29, 'Chiens de Guerre', 1, NULL, NULL),
(30, 'Clan du Sanglier', 1, NULL, NULL),
(31, 'Dragoniers', 1, NULL, NULL),
(32, 'Guerriers de la Montagne', 1, NULL, NULL),
(33, 'Taureau Fertile', 1, NULL, NULL),
(34, 'Chimère', 1, NULL, NULL),
(35, 'Compagnie du Bélier', 1, NULL, NULL),
(36, 'Culte de Daolok', 1, NULL, NULL),
(37, 'Hellequins', 1, NULL, NULL),
(38, 'Los Conkistadores', 1, NULL, NULL),
(39, 'Némésis', 1, NULL, NULL),
(40, 'Bocks de Fer', 1, NULL, NULL),
(41, 'Coque Rouge', 1, NULL, NULL),
(42, 'Ertuen', 1, NULL, NULL),
(43, 'Flibustiers', 1, NULL, NULL),
(44, 'Frontaliers d\'Irendille', 1, NULL, NULL),
(45, 'Le Crâne', 1, NULL, NULL),
(46, 'Marmara', 1, NULL, NULL),
(47, 'Arrachés', 1, NULL, NULL),
(48, 'Sombres Lames', 1, NULL, NULL),
(49, 'Cernos', 1, NULL, NULL),
(50, 'Saint-Ordre du Vinier', 1, NULL, NULL),
(51, 'Vignerons', 1, NULL, NULL),
(52, 'White Lion', 1, NULL, NULL),
(53, 'Armateurs de Ranvier', 1, NULL, NULL),
(54, 'Lance du Sergent Viktor', 1, NULL, NULL),
(55, 'Mayol', 1, NULL, NULL),
(56, 'Von Shlaffenmark', 1, NULL, NULL),
(57, 'Arrogance', 1, NULL, NULL),
(58, 'Dragons de Sang', 1, NULL, NULL),
(59, 'Émissaires de la Cité des Sables', 1, NULL, NULL),
(60, 'Fils de Polignac', 1, NULL, NULL),
(61, 'Frères d\'Armes', 1, NULL, NULL),
(62, 'Griffon', 1, NULL, NULL),
(63, 'Mek Dyude', 1, NULL, NULL),
(64, 'Tarpignan', 1, NULL, NULL),
(65, 'Vieux Chêne', 1, NULL, NULL),
(66, 'Arcs Noirs', 1, NULL, NULL),
(67, 'Dame d\'Argent', 1, NULL, NULL),
(68, 'Gaurydrim', 1, NULL, NULL),
(69, 'Gueul\'ki\'Mor', 1, NULL, NULL),
(70, 'Oeil du Vâhana', 1, NULL, NULL),
(71, 'Phratrie des Malandrins', 1, NULL, NULL),
(72, 'Traqueurs', 1, NULL, NULL),
(73, 'Cavaliers du Bouc', 1, NULL, NULL),
(74, 'Confrérie des Maîtres Nains', 1, NULL, NULL),
(75, 'Insoumis', 1, NULL, NULL),
(76, 'Lys Royal', 1, NULL, NULL),
(77, 'Mages du Roy', 1, NULL, NULL),
(78, 'Ordre du Saint-Sépulcre', 1, NULL, NULL),
(79, 'Ost du St-Reliquaire', 1, NULL, NULL),
(80, 'Tchakalouÿ', 1, NULL, NULL),
(81, 'Doigts Cassés', 1, NULL, NULL),
(82, 'Midgardiens', 1, NULL, NULL),
(83, 'Ragnarok', 1, NULL, NULL),
(84, 'Trésorerie Impériale', 1, NULL, NULL),
(85, 'Fils Bâtards', 1, NULL, NULL),
(86, 'Vakten', 1, NULL, NULL),
(87, 'Couronne d\'Eir', 1, NULL, NULL),
(88, 'Ordo Cervi', 1, NULL, NULL),
(89, 'Ordre du Loup Céleste', 1, NULL, NULL),
(90, 'Aile Noire', 1, NULL, NULL),
(91, 'Confrérie', 1, NULL, NULL),
(92, 'Fils du Vent', 1, NULL, NULL),
(93, 'Raktaar', 1, NULL, NULL),
(94, 'Codex', 1, NULL, NULL),
(95, 'Concile du Reffahc', 1, NULL, NULL),
(96, 'Hydre', 1, NULL, NULL),
(97, 'Ordre du Kik\'wa\'ju', 1, NULL, NULL),
(98, 'Beaux Bâtards', 1, NULL, NULL),
(99, 'Covenant of the Black Rose', 1, NULL, NULL),
(100, 'Ferrata Fidelis', 1, NULL, NULL),
(101, 'Hirda', 1, NULL, NULL),
(102, 'Lions du Nord', 1, NULL, NULL),
(103, 'Marchwardens', 1, NULL, NULL),
(104, 'Mille Visages', 1, NULL, NULL),
(105, 'Oathsworn', 1, NULL, NULL),
(106, 'Ratatosk', 1, NULL, NULL),
(107, 'Realms Embassy', 1, NULL, NULL),
(108, 'Valraven', 1, NULL, NULL),
(109, 'Caldwell', 1, NULL, NULL),
(110, 'Capharnaüm', 1, NULL, NULL),
(111, 'Confrérie de Mjöllnir', 1, NULL, NULL),
(112, 'Darganof Trading Company', 1, NULL, NULL),
(113, 'Derthorn', 1, NULL, NULL),
(114, 'Famille de Liastis', 1, NULL, NULL),
(115, 'Famillia Debeauchamps', 1, NULL, NULL),
(116, 'Garde Immergée', 1, NULL, NULL),
(117, 'Haute-Garde', 1, NULL, NULL),
(118, 'Hurleurs Blancs', 1, NULL, NULL),
(119, 'Nains-Génieurs', 1, NULL, NULL),
(120, 'U.P.I.R.', 1, NULL, NULL),
(121, 'Wild Dawn', 1, NULL, NULL),
(122, 'Argentiers du Centre', 1, NULL, NULL),
(123, 'Clan Croc-Ardent', 1, NULL, NULL),
(124, 'Colibrille', 1, NULL, NULL),
(125, 'Compagnie des huit voiles', 1, NULL, NULL),
(126, 'Écaille', 1, NULL, NULL),
(127, 'Horse and Hound', 1, NULL, NULL),
(128, 'Lys noir', 1, NULL, NULL),
(129, 'Terribles Serpents à Sonnettes', 1, NULL, NULL),
(130, '105e compagnie', 1, NULL, NULL),
(131, 'Cercle d\'or', 1, NULL, NULL),
(132, 'Corbeaux d\'Odin', 1, NULL, NULL),
(133, 'Famille Oséric', 1, NULL, NULL),
(134, 'Inévitables', 1, NULL, NULL),
(135, 'Maîtres Brasseurs', 1, NULL, NULL),
(136, 'Oeil de Mimir', 1, NULL, NULL),
(137, 'Paysans', 1, NULL, NULL),
(138, 'Tirion', 1, NULL, NULL),
(139, 'Varègues', 1, NULL, NULL),
(140, 'Archivistes', 1, NULL, NULL),
(141, 'Chasseurs de Helheim', 1, NULL, NULL),
(142, 'Cour des cendres', 1, NULL, NULL),
(143, 'Free Company', 1, NULL, NULL),
(144, 'Karn Gobo', 1, NULL, NULL),
(145, 'Marine Marchande', 1, NULL, NULL),
(146, 'Ordo Magus', 1, NULL, NULL),
(147, 'Pilum Occultum Redemptio', 1, NULL, NULL),
(148, 'Tresseux d\'paniers', 1, NULL, NULL),
(149, 'Veuves Noires', 1, NULL, NULL),
(150, 'Banca Interregionala', 1, NULL, NULL),
(151, 'Coalition sylvestre', 1, NULL, NULL),
(152, 'Créatura Mortis', 1, NULL, NULL),
(153, 'Garde rouge', 1, NULL, NULL),
(154, 'Las Velas de la Sombra', 1, NULL, NULL),
(155, 'Mille et une mains', 1, NULL, NULL),
(156, 'Ordo Militum', 1, NULL, NULL),
(157, 'Reiksritters', 1, NULL, NULL),
(158, 'Très Saintes Vinières', 1, NULL, NULL),
(159, 'Voelhoorn', 1, NULL, NULL),
(160, 'Berserk', 1, NULL, NULL),
(161, 'Compagnie du cheval ailé', 1, NULL, NULL),
(162, 'Écorcheurs', 1, NULL, NULL),
(163, 'Griffe', 1, NULL, NULL),
(164, 'Legio Mortem', 1, NULL, NULL),
(165, 'Morningstar', 1, NULL, NULL),
(166, 'Ordo Mortis', 1, NULL, NULL),
(167, 'Saint-Siège', 1, NULL, NULL),
(168, 'Tribu de Zardok', 1, NULL, NULL),
(169, 'Von Couleng Bark', 1, NULL, NULL),
(170, 'Botulik', 1, NULL, NULL),
(171, 'Confusion', 1, NULL, NULL),
(172, 'Équipage du Capitaine Wig', 1, NULL, NULL),
(173, 'Hashashins', 1, NULL, NULL),
(174, 'Main Rouge', 1, NULL, NULL),
(175, 'Nephilim', 1, NULL, NULL),
(176, 'Orobore', 1, NULL, NULL),
(177, 'The Pelt', 1, NULL, NULL),
(178, 'Twilight Dreamers', 1, NULL, NULL),
(179, 'Warborn', 1, NULL, NULL);

-- --------------------------------------------------------

--
-- Table structure for table `guild_attributes`
--

CREATE TABLE `guild_attributes` (
  `id` int(10) UNSIGNED NOT NULL,
  `attribute_id` int(10) UNSIGNED NOT NULL
) ENGINE=InnoDB DEFAULT CHARSET=utf8mb4 COLLATE=utf8mb4_unicode_ci;

--
-- Dumping data for table `guild_attributes`
--

INSERT INTO `guild_attributes` (`id`, `attribute_id`) VALUES
(1, 1),
(2, 2),
(3, 1),
(4, 1),
(5, 1),
(6, 1),
(7, 2),
(8, 2),
(9, 2),
(10, 2),
(11, 1),
(12, 1),
(13, 1),
(14, 1),
(15, 1),
(16, 1),
(17, 1),
(18, 1),
(19, 1),
(20, 1),
(21, 8);

-- --------------------------------------------------------

--
-- Table structure for table `guild_attribute_value`
--

CREATE TABLE `guild_attribute_value` (
  `id` bigint(20) UNSIGNED NOT NULL,
  `guild_attribute_id` int(10) UNSIGNED NOT NULL,
  `value_id` int(10) UNSIGNED NOT NULL,
  `created_at` timestamp NULL DEFAULT NULL,
  `updated_at` timestamp NULL DEFAULT NULL,
  `guild_id` int(11) NOT NULL
) ENGINE=InnoDB DEFAULT CHARSET=utf8mb4 COLLATE=utf8mb4_unicode_ci;

--
-- Dumping data for table `guild_attribute_value`
--

INSERT INTO `guild_attribute_value` (`id`, `guild_attribute_id`, `value_id`, `created_at`, `updated_at`, `guild_id`) VALUES
(1, 1, 1, NULL, NULL, 0),
(2, 20, 1344, '2023-04-05 23:47:20', '2023-04-05 23:47:20', 1),
(3, 20, 1345, '2023-04-05 23:47:27', '2023-04-05 23:47:27', 2),
(4, 20, 1346, '2023-04-05 23:47:27', '2023-04-05 23:47:27', 3),
(5, 20, 1347, '2023-04-05 23:47:27', '2023-04-05 23:47:27', 4),
(6, 20, 1348, '2023-04-05 23:47:27', '2023-04-05 23:47:27', 5),
(7, 20, 1349, '2023-04-05 23:47:27', '2023-04-05 23:47:27', 6),
(8, 20, 1350, '2023-04-05 23:47:27', '2023-04-05 23:47:27', 7),
(9, 20, 1351, '2023-04-05 23:47:27', '2023-04-05 23:47:27', 8),
(10, 20, 1352, '2023-04-05 23:47:27', '2023-04-05 23:47:27', 9),
(11, 20, 1353, '2023-04-05 23:47:27', '2023-04-05 23:47:27', 10),
(12, 20, 1354, '2023-04-05 23:47:27', '2023-04-05 23:47:27', 11),
(13, 20, 1355, '2023-04-05 23:47:27', '2023-04-05 23:47:27', 12),
(14, 20, 1356, '2023-04-05 23:47:27', '2023-04-05 23:47:27', 13),
(15, 20, 1357, '2023-04-05 23:47:27', '2023-04-05 23:47:27', 14),
(16, 20, 1358, '2023-04-05 23:47:27', '2023-04-05 23:47:27', 15),
(17, 20, 1359, '2023-04-05 23:47:27', '2023-04-05 23:47:27', 16),
(18, 20, 1360, '2023-04-05 23:47:27', '2023-04-05 23:47:27', 17),
(19, 20, 1361, '2023-04-05 23:47:27', '2023-04-05 23:47:27', 18),
(20, 20, 1362, '2023-04-05 23:47:27', '2023-04-05 23:47:27', 19),
(21, 20, 1363, '2023-04-05 23:47:27', '2023-04-05 23:47:27', 20),
(22, 20, 1364, '2023-04-05 23:47:27', '2023-04-05 23:47:27', 21),
(23, 20, 1365, '2023-04-05 23:47:27', '2023-04-05 23:47:27', 22),
(24, 20, 1366, '2023-04-05 23:47:27', '2023-04-05 23:47:27', 23),
(25, 20, 1367, '2023-04-05 23:47:27', '2023-04-05 23:47:27', 24),
(26, 20, 1368, '2023-04-05 23:47:27', '2023-04-05 23:47:27', 25),
(27, 20, 1369, '2023-04-05 23:47:27', '2023-04-05 23:47:27', 26),
(28, 20, 1370, '2023-04-05 23:47:27', '2023-04-05 23:47:27', 27),
(29, 20, 1371, '2023-04-05 23:47:27', '2023-04-05 23:47:27', 28),
(30, 20, 1372, '2023-04-05 23:47:27', '2023-04-05 23:47:27', 29),
(31, 20, 1373, '2023-04-05 23:47:27', '2023-04-05 23:47:27', 30),
(32, 20, 1374, '2023-04-05 23:47:27', '2023-04-05 23:47:27', 31),
(33, 20, 1375, '2023-04-05 23:47:27', '2023-04-05 23:47:27', 32),
(34, 20, 1376, '2023-04-05 23:47:27', '2023-04-05 23:47:27', 33),
(35, 20, 1377, '2023-04-05 23:47:27', '2023-04-05 23:47:27', 34),
(36, 20, 1378, '2023-04-05 23:47:27', '2023-04-05 23:47:27', 35),
(37, 20, 1379, '2023-04-05 23:47:28', '2023-04-05 23:47:28', 36),
(38, 20, 1380, '2023-04-05 23:47:28', '2023-04-05 23:47:28', 37),
(39, 20, 1381, '2023-04-05 23:47:28', '2023-04-05 23:47:28', 38),
(40, 20, 1382, '2023-04-05 23:47:28', '2023-04-05 23:47:28', 39),
(41, 20, 1383, '2023-04-05 23:47:28', '2023-04-05 23:47:28', 40),
(42, 20, 1384, '2023-04-05 23:47:28', '2023-04-05 23:47:28', 41),
(43, 20, 1385, '2023-04-05 23:47:28', '2023-04-05 23:47:28', 42),
(44, 20, 1386, '2023-04-05 23:47:28', '2023-04-05 23:47:28', 43),
(45, 20, 1387, '2023-04-05 23:47:28', '2023-04-05 23:47:28', 44),
(46, 20, 1388, '2023-04-05 23:47:28', '2023-04-05 23:47:28', 45),
(47, 20, 1389, '2023-04-05 23:47:28', '2023-04-05 23:47:28', 46),
(48, 20, 1390, '2023-04-05 23:47:28', '2023-04-05 23:47:28', 47),
(49, 20, 1391, '2023-04-05 23:47:28', '2023-04-05 23:47:28', 48),
(50, 20, 1392, '2023-04-05 23:47:28', '2023-04-05 23:47:28', 49),
(51, 20, 1393, '2023-04-05 23:47:28', '2023-04-05 23:47:28', 50),
(52, 20, 1394, '2023-04-05 23:47:28', '2023-04-05 23:47:28', 51),
(53, 20, 1395, '2023-04-05 23:47:28', '2023-04-05 23:47:28', 52),
(54, 20, 1396, '2023-04-05 23:47:28', '2023-04-05 23:47:28', 53),
(55, 20, 1397, '2023-04-05 23:47:28', '2023-04-05 23:47:28', 54),
(56, 20, 1398, '2023-04-05 23:47:28', '2023-04-05 23:47:28', 55),
(57, 20, 1399, '2023-04-05 23:47:28', '2023-04-05 23:47:28', 56),
(58, 20, 1400, '2023-04-05 23:47:28', '2023-04-05 23:47:28', 57),
(59, 20, 1401, '2023-04-05 23:47:28', '2023-04-05 23:47:28', 58),
(60, 20, 1402, '2023-04-05 23:47:28', '2023-04-05 23:47:28', 59),
(61, 20, 1403, '2023-04-05 23:47:28', '2023-04-05 23:47:28', 60),
(62, 20, 1404, '2023-04-05 23:47:28', '2023-04-05 23:47:28', 61),
(63, 20, 1405, '2023-04-05 23:47:28', '2023-04-05 23:47:28', 62),
(64, 20, 1406, '2023-04-05 23:47:28', '2023-04-05 23:47:28', 63),
(65, 20, 1407, '2023-04-05 23:47:28', '2023-04-05 23:47:28', 64),
(66, 20, 1408, '2023-04-05 23:47:28', '2023-04-05 23:47:28', 65),
(67, 20, 1409, '2023-04-05 23:47:28', '2023-04-05 23:47:28', 66),
(68, 20, 1410, '2023-04-05 23:47:28', '2023-04-05 23:47:28', 67),
(69, 20, 1411, '2023-04-05 23:47:28', '2023-04-05 23:47:28', 68),
(70, 20, 1412, '2023-04-05 23:47:28', '2023-04-05 23:47:28', 69),
(71, 20, 1413, '2023-04-05 23:47:28', '2023-04-05 23:47:28', 70),
(72, 20, 1414, '2023-04-05 23:47:28', '2023-04-05 23:47:28', 71),
(73, 20, 1415, '2023-04-05 23:47:28', '2023-04-05 23:47:28', 72),
(74, 20, 1416, '2023-04-05 23:47:28', '2023-04-05 23:47:28', 73),
(75, 20, 1417, '2023-04-05 23:47:28', '2023-04-05 23:47:28', 74),
(76, 20, 1418, '2023-04-05 23:47:28', '2023-04-05 23:47:28', 75),
(77, 20, 1419, '2023-04-05 23:47:28', '2023-04-05 23:47:28', 76),
(78, 20, 1420, '2023-04-05 23:47:28', '2023-04-05 23:47:28', 77),
(79, 20, 1421, '2023-04-05 23:47:28', '2023-04-05 23:47:28', 78),
(80, 20, 1422, '2023-04-05 23:47:28', '2023-04-05 23:47:28', 79),
(81, 20, 1423, '2023-04-05 23:47:28', '2023-04-05 23:47:28', 80),
(82, 20, 1424, '2023-04-05 23:47:28', '2023-04-05 23:47:28', 81),
(83, 20, 1425, '2023-04-05 23:47:28', '2023-04-05 23:47:28', 82),
(84, 20, 1426, '2023-04-05 23:47:28', '2023-04-05 23:47:28', 83),
(85, 20, 1427, '2023-04-05 23:47:28', '2023-04-05 23:47:28', 84),
(86, 20, 1428, '2023-04-05 23:47:28', '2023-04-05 23:47:28', 85),
(87, 20, 1429, '2023-04-05 23:47:28', '2023-04-05 23:47:28', 86),
(88, 20, 1430, '2023-04-05 23:47:28', '2023-04-05 23:47:28', 87),
(89, 20, 1431, '2023-04-05 23:47:28', '2023-04-05 23:47:28', 88),
(90, 20, 1432, '2023-04-05 23:47:28', '2023-04-05 23:47:28', 89),
(91, 20, 1433, '2023-04-05 23:47:28', '2023-04-05 23:47:28', 90),
(92, 20, 1434, '2023-04-05 23:47:28', '2023-04-05 23:47:28', 91),
(93, 20, 1435, '2023-04-05 23:47:28', '2023-04-05 23:47:28', 92),
(94, 20, 1436, '2023-04-05 23:47:28', '2023-04-05 23:47:28', 93),
(95, 20, 1437, '2023-04-05 23:47:28', '2023-04-05 23:47:28', 94),
(96, 20, 1438, '2023-04-05 23:47:28', '2023-04-05 23:47:28', 95),
(97, 20, 1439, '2023-04-05 23:47:28', '2023-04-05 23:47:28', 96),
(98, 20, 1440, '2023-04-05 23:47:28', '2023-04-05 23:47:28', 97),
(99, 20, 1441, '2023-04-05 23:47:28', '2023-04-05 23:47:28', 98),
(100, 20, 1442, '2023-04-05 23:47:28', '2023-04-05 23:47:28', 99),
(101, 20, 1443, '2023-04-05 23:47:28', '2023-04-05 23:47:28', 100),
(102, 20, 1444, '2023-04-05 23:47:28', '2023-04-05 23:47:28', 101),
(103, 20, 1445, '2023-04-05 23:47:28', '2023-04-05 23:47:28', 102),
(104, 20, 1446, '2023-04-05 23:47:28', '2023-04-05 23:47:28', 103),
(105, 20, 1447, '2023-04-05 23:47:28', '2023-04-05 23:47:28', 104),
(106, 20, 1448, '2023-04-05 23:47:28', '2023-04-05 23:47:28', 105),
(107, 20, 1449, '2023-04-05 23:47:28', '2023-04-05 23:47:28', 106),
(108, 20, 1450, '2023-04-05 23:47:28', '2023-04-05 23:47:28', 107),
(109, 20, 1451, '2023-04-05 23:47:28', '2023-04-05 23:47:28', 108),
(110, 20, 1452, '2023-04-05 23:47:28', '2023-04-05 23:47:28', 109),
(111, 20, 1453, '2023-04-05 23:47:28', '2023-04-05 23:47:28', 110),
(112, 20, 1454, '2023-04-05 23:47:28', '2023-04-05 23:47:28', 111),
(113, 20, 1455, '2023-04-05 23:47:28', '2023-04-05 23:47:28', 112),
(114, 20, 1456, '2023-04-05 23:47:28', '2023-04-05 23:47:28', 113),
(115, 20, 1457, '2023-04-05 23:47:28', '2023-04-05 23:47:28', 114),
(116, 20, 1458, '2023-04-05 23:47:28', '2023-04-05 23:47:28', 115),
(117, 20, 1459, '2023-04-05 23:47:28', '2023-04-05 23:47:28', 116),
(118, 20, 1460, '2023-04-05 23:47:28', '2023-04-05 23:47:28', 117),
(119, 20, 1461, '2023-04-05 23:47:28', '2023-04-05 23:47:28', 118),
(120, 20, 1462, '2023-04-05 23:47:28', '2023-04-05 23:47:28', 119),
(121, 20, 1463, '2023-04-05 23:47:28', '2023-04-05 23:47:28', 120),
(122, 20, 1464, '2023-04-05 23:47:28', '2023-04-05 23:47:28', 121),
(123, 20, 1465, '2023-04-05 23:47:28', '2023-04-05 23:47:28', 122),
(124, 20, 1466, '2023-04-05 23:47:28', '2023-04-05 23:47:28', 123),
(125, 20, 1467, '2023-04-05 23:47:28', '2023-04-05 23:47:28', 124),
(126, 20, 1468, '2023-04-05 23:47:28', '2023-04-05 23:47:28', 125),
(127, 20, 1469, '2023-04-05 23:47:28', '2023-04-05 23:47:28', 126),
(128, 20, 1470, '2023-04-05 23:47:28', '2023-04-05 23:47:28', 127),
(129, 20, 1471, '2023-04-05 23:47:28', '2023-04-05 23:47:28', 128),
(130, 20, 1472, '2023-04-05 23:47:28', '2023-04-05 23:47:28', 129),
(131, 20, 1473, '2023-04-05 23:47:28', '2023-04-05 23:47:28', 130),
(132, 20, 1474, '2023-04-05 23:47:28', '2023-04-05 23:47:28', 131),
(133, 20, 1475, '2023-04-05 23:47:28', '2023-04-05 23:47:28', 132),
(134, 20, 1476, '2023-04-05 23:47:28', '2023-04-05 23:47:28', 133),
(135, 20, 1477, '2023-04-05 23:47:28', '2023-04-05 23:47:28', 134),
(136, 20, 1478, '2023-04-05 23:47:28', '2023-04-05 23:47:28', 135),
(137, 20, 1479, '2023-04-05 23:47:28', '2023-04-05 23:47:28', 136),
(138, 20, 1480, '2023-04-05 23:47:28', '2023-04-05 23:47:28', 137),
(139, 20, 1481, '2023-04-05 23:47:28', '2023-04-05 23:47:28', 138),
(140, 20, 1482, '2023-04-05 23:47:28', '2023-04-05 23:47:28', 139),
(141, 20, 1483, '2023-04-05 23:47:28', '2023-04-05 23:47:28', 140),
(142, 20, 1484, '2023-04-05 23:47:28', '2023-04-05 23:47:28', 141),
(143, 20, 1485, '2023-04-05 23:47:28', '2023-04-05 23:47:28', 142),
(144, 20, 1486, '2023-04-05 23:47:28', '2023-04-05 23:47:28', 143),
(145, 20, 1487, '2023-04-05 23:47:28', '2023-04-05 23:47:28', 144),
(146, 20, 1488, '2023-04-05 23:47:28', '2023-04-05 23:47:28', 145),
(147, 20, 1489, '2023-04-05 23:47:28', '2023-04-05 23:47:28', 146),
(148, 20, 1490, '2023-04-05 23:47:28', '2023-04-05 23:47:28', 147),
(149, 20, 1491, '2023-04-05 23:47:28', '2023-04-05 23:47:28', 148),
(150, 20, 1492, '2023-04-05 23:47:28', '2023-04-05 23:47:28', 149),
(151, 20, 1493, '2023-04-05 23:47:28', '2023-04-05 23:47:28', 150),
(152, 20, 1494, '2023-04-05 23:47:28', '2023-04-05 23:47:28', 151),
(153, 20, 1495, '2023-04-05 23:47:28', '2023-04-05 23:47:28', 152),
(154, 20, 1496, '2023-04-05 23:47:28', '2023-04-05 23:47:28', 153),
(155, 20, 1497, '2023-04-05 23:47:28', '2023-04-05 23:47:28', 154),
(156, 20, 1498, '2023-04-05 23:47:28', '2023-04-05 23:47:28', 155),
(157, 20, 1499, '2023-04-05 23:47:28', '2023-04-05 23:47:28', 156),
(158, 20, 1500, '2023-04-05 23:47:28', '2023-04-05 23:47:28', 157),
(159, 20, 1501, '2023-04-05 23:47:28', '2023-04-05 23:47:28', 158),
(160, 20, 1502, '2023-04-05 23:47:28', '2023-04-05 23:47:28', 159),
(161, 20, 1503, '2023-04-05 23:47:28', '2023-04-05 23:47:28', 160),
(162, 20, 1504, '2023-04-05 23:47:28', '2023-04-05 23:47:28', 161),
(163, 20, 1505, '2023-04-05 23:47:28', '2023-04-05 23:47:28', 162),
(164, 20, 1506, '2023-04-05 23:47:28', '2023-04-05 23:47:28', 163),
(165, 20, 1507, '2023-04-05 23:47:28', '2023-04-05 23:47:28', 164),
(166, 20, 1508, '2023-04-05 23:47:28', '2023-04-05 23:47:28', 165),
(167, 20, 1509, '2023-04-05 23:47:28', '2023-04-05 23:47:28', 166),
(168, 20, 1510, '2023-04-05 23:47:28', '2023-04-05 23:47:28', 167),
(169, 20, 1511, '2023-04-05 23:47:28', '2023-04-05 23:47:28', 168),
(170, 20, 1512, '2023-04-05 23:47:28', '2023-04-05 23:47:28', 169),
(171, 20, 1513, '2023-04-05 23:47:28', '2023-04-05 23:47:28', 170),
(172, 20, 1514, '2023-04-05 23:47:28', '2023-04-05 23:47:28', 171),
(173, 20, 1515, '2023-04-05 23:47:28', '2023-04-05 23:47:28', 172),
(174, 20, 1516, '2023-04-05 23:47:28', '2023-04-05 23:47:28', 173),
(175, 20, 1517, '2023-04-05 23:47:28', '2023-04-05 23:47:28', 174),
(176, 20, 1518, '2023-04-05 23:47:28', '2023-04-05 23:47:28', 175),
(177, 20, 1519, '2023-04-05 23:47:28', '2023-04-05 23:47:28', 176),
(178, 20, 1520, '2023-04-05 23:47:28', '2023-04-05 23:47:28', 177),
(179, 20, 1521, '2023-04-05 23:47:28', '2023-04-05 23:47:28', 178),
(180, 20, 1522, '2023-04-05 23:47:28', '2023-04-05 23:47:28', 179),
(181, 21, 1542, '2023-04-06 02:48:01', '2023-04-06 02:48:01', 1),
(182, 21, 1543, '2023-04-06 02:48:01', '2023-04-06 02:48:01', 2),
(183, 21, 1544, '2023-04-06 02:48:01', '2023-04-06 02:48:01', 3),
(184, 21, 1545, '2023-04-06 02:48:01', '2023-04-06 02:48:01', 4),
(185, 21, 1546, '2023-04-06 02:48:01', '2023-04-06 02:48:01', 5),
(186, 21, 1547, '2023-04-06 02:48:01', '2023-04-06 02:48:01', 6),
(187, 21, 1548, '2023-04-06 02:48:01', '2023-04-06 02:48:01', 7),
(188, 21, 1549, '2023-04-06 02:48:01', '2023-04-06 02:48:01', 8),
(189, 21, 1550, '2023-04-06 02:48:01', '2023-04-06 02:48:01', 9),
(190, 21, 1551, '2023-04-06 02:48:01', '2023-04-06 02:48:01', 10),
(191, 21, 1552, '2023-04-06 02:48:01', '2023-04-06 02:48:01', 11),
(192, 21, 1553, '2023-04-06 02:48:01', '2023-04-06 02:48:01', 12),
(193, 21, 1554, '2023-04-06 02:48:01', '2023-04-06 02:48:01', 13),
(194, 21, 1555, '2023-04-06 02:48:01', '2023-04-06 02:48:01', 14),
(195, 21, 1556, '2023-04-06 02:48:01', '2023-04-06 02:48:01', 15),
(196, 21, 1557, '2023-04-06 02:48:01', '2023-04-06 02:48:01', 16),
(197, 21, 1558, '2023-04-06 02:48:01', '2023-04-06 02:48:01', 17),
(198, 21, 1559, '2023-04-06 02:48:01', '2023-04-06 02:48:01', 18),
(199, 21, 1560, '2023-04-06 02:48:01', '2023-04-06 02:48:01', 19),
(200, 21, 1561, '2023-04-06 02:48:01', '2023-04-06 02:48:01', 20),
(201, 21, 1562, '2023-04-06 02:48:01', '2023-04-06 02:48:01', 21),
(202, 21, 1563, '2023-04-06 02:48:01', '2023-04-06 02:48:01', 22),
(203, 21, 1564, '2023-04-06 02:48:01', '2023-04-06 02:48:01', 23),
(204, 21, 1565, '2023-04-06 02:48:01', '2023-04-06 02:48:01', 24),
(205, 21, 1566, '2023-04-06 02:48:01', '2023-04-06 02:48:01', 25),
(206, 21, 1567, '2023-04-06 02:48:01', '2023-04-06 02:48:01', 26),
(207, 21, 1568, '2023-04-06 02:48:01', '2023-04-06 02:48:01', 27),
(208, 21, 1569, '2023-04-06 02:48:01', '2023-04-06 02:48:01', 28),
(209, 21, 1570, '2023-04-06 02:48:01', '2023-04-06 02:48:01', 29),
(210, 21, 1571, '2023-04-06 02:48:01', '2023-04-06 02:48:01', 30),
(211, 21, 1572, '2023-04-06 02:48:01', '2023-04-06 02:48:01', 31),
(212, 21, 1573, '2023-04-06 02:48:01', '2023-04-06 02:48:01', 32),
(213, 21, 1574, '2023-04-06 02:48:01', '2023-04-06 02:48:01', 33),
(214, 21, 1575, '2023-04-06 02:48:01', '2023-04-06 02:48:01', 34),
(215, 21, 1576, '2023-04-06 02:48:01', '2023-04-06 02:48:01', 35),
(216, 21, 1577, '2023-04-06 02:48:01', '2023-04-06 02:48:01', 36),
(217, 21, 1578, '2023-04-06 02:48:01', '2023-04-06 02:48:01', 37),
(218, 21, 1579, '2023-04-06 02:48:01', '2023-04-06 02:48:01', 38),
(219, 21, 1580, '2023-04-06 02:48:01', '2023-04-06 02:48:01', 39),
(220, 21, 1581, '2023-04-06 02:48:01', '2023-04-06 02:48:01', 40),
(221, 21, 1582, '2023-04-06 02:48:01', '2023-04-06 02:48:01', 41),
(222, 21, 1583, '2023-04-06 02:48:01', '2023-04-06 02:48:01', 42),
(223, 21, 1584, '2023-04-06 02:48:01', '2023-04-06 02:48:01', 43),
(224, 21, 1585, '2023-04-06 02:48:01', '2023-04-06 02:48:01', 44),
(225, 21, 1586, '2023-04-06 02:48:01', '2023-04-06 02:48:01', 45),
(226, 21, 1587, '2023-04-06 02:48:01', '2023-04-06 02:48:01', 46),
(227, 21, 1588, '2023-04-06 02:48:01', '2023-04-06 02:48:01', 47),
(228, 21, 1589, '2023-04-06 02:48:01', '2023-04-06 02:48:01', 48),
(229, 21, 1590, '2023-04-06 02:48:01', '2023-04-06 02:48:01', 49),
(230, 21, 1591, '2023-04-06 02:48:01', '2023-04-06 02:48:01', 50),
(231, 21, 1592, '2023-04-06 02:48:01', '2023-04-06 02:48:01', 51),
(232, 21, 1593, '2023-04-06 02:48:01', '2023-04-06 02:48:01', 52),
(233, 21, 1594, '2023-04-06 02:48:01', '2023-04-06 02:48:01', 53),
(234, 21, 1595, '2023-04-06 02:48:01', '2023-04-06 02:48:01', 54),
(235, 21, 1596, '2023-04-06 02:48:01', '2023-04-06 02:48:01', 55),
(236, 21, 1597, '2023-04-06 02:48:01', '2023-04-06 02:48:01', 56),
(237, 21, 1598, '2023-04-06 02:48:01', '2023-04-06 02:48:01', 57),
(238, 21, 1599, '2023-04-06 02:48:01', '2023-04-06 02:48:01', 58),
(239, 21, 1600, '2023-04-06 02:48:01', '2023-04-06 02:48:01', 59),
(240, 21, 1601, '2023-04-06 02:48:01', '2023-04-06 02:48:01', 60),
(241, 21, 1602, '2023-04-06 02:48:01', '2023-04-06 02:48:01', 61),
(242, 21, 1603, '2023-04-06 02:48:01', '2023-04-06 02:48:01', 62),
(243, 21, 1604, '2023-04-06 02:48:01', '2023-04-06 02:48:01', 63),
(244, 21, 1605, '2023-04-06 02:48:01', '2023-04-06 02:48:01', 64),
(245, 21, 1606, '2023-04-06 02:48:01', '2023-04-06 02:48:01', 65),
(246, 21, 1607, '2023-04-06 02:48:01', '2023-04-06 02:48:01', 66),
(247, 21, 1608, '2023-04-06 02:48:01', '2023-04-06 02:48:01', 67),
(248, 21, 1609, '2023-04-06 02:48:01', '2023-04-06 02:48:01', 68),
(249, 21, 1610, '2023-04-06 02:48:01', '2023-04-06 02:48:01', 69),
(250, 21, 1611, '2023-04-06 02:48:01', '2023-04-06 02:48:01', 70),
(251, 21, 1612, '2023-04-06 02:48:01', '2023-04-06 02:48:01', 71),
(252, 21, 1613, '2023-04-06 02:48:01', '2023-04-06 02:48:01', 72),
(253, 21, 1614, '2023-04-06 02:48:01', '2023-04-06 02:48:01', 73),
(254, 21, 1615, '2023-04-06 02:48:01', '2023-04-06 02:48:01', 74),
(255, 21, 1616, '2023-04-06 02:48:01', '2023-04-06 02:48:01', 75),
(256, 21, 1617, '2023-04-06 02:48:01', '2023-04-06 02:48:01', 76),
(257, 21, 1618, '2023-04-06 02:48:01', '2023-04-06 02:48:01', 77),
(258, 21, 1619, '2023-04-06 02:48:01', '2023-04-06 02:48:01', 78),
(259, 21, 1620, '2023-04-06 02:48:01', '2023-04-06 02:48:01', 79),
(260, 21, 1621, '2023-04-06 02:48:01', '2023-04-06 02:48:01', 80),
(261, 21, 1622, '2023-04-06 02:48:01', '2023-04-06 02:48:01', 81),
(262, 21, 1623, '2023-04-06 02:48:01', '2023-04-06 02:48:01', 82),
(263, 21, 1624, '2023-04-06 02:48:01', '2023-04-06 02:48:01', 83),
(264, 21, 1625, '2023-04-06 02:48:01', '2023-04-06 02:48:01', 84),
(265, 21, 1626, '2023-04-06 02:48:01', '2023-04-06 02:48:01', 85),
(266, 21, 1627, '2023-04-06 02:48:01', '2023-04-06 02:48:01', 86),
(267, 21, 1628, '2023-04-06 02:48:01', '2023-04-06 02:48:01', 87),
(268, 21, 1629, '2023-04-06 02:48:01', '2023-04-06 02:48:01', 88),
(269, 21, 1630, '2023-04-06 02:48:01', '2023-04-06 02:48:01', 89),
(270, 21, 1631, '2023-04-06 02:48:01', '2023-04-06 02:48:01', 90),
(271, 21, 1632, '2023-04-06 02:48:01', '2023-04-06 02:48:01', 91),
(272, 21, 1633, '2023-04-06 02:48:01', '2023-04-06 02:48:01', 92),
(273, 21, 1634, '2023-04-06 02:48:01', '2023-04-06 02:48:01', 93),
(274, 21, 1635, '2023-04-06 02:48:01', '2023-04-06 02:48:01', 94),
(275, 21, 1636, '2023-04-06 02:48:01', '2023-04-06 02:48:01', 95),
(276, 21, 1637, '2023-04-06 02:48:01', '2023-04-06 02:48:01', 96),
(277, 21, 1638, '2023-04-06 02:48:01', '2023-04-06 02:48:01', 97),
(278, 21, 1639, '2023-04-06 02:48:01', '2023-04-06 02:48:01', 98),
(279, 21, 1640, '2023-04-06 02:48:01', '2023-04-06 02:48:01', 99),
(280, 21, 1641, '2023-04-06 02:48:01', '2023-04-06 02:48:01', 100),
(281, 21, 1642, '2023-04-06 02:48:01', '2023-04-06 02:48:01', 101),
(282, 21, 1643, '2023-04-06 02:48:01', '2023-04-06 02:48:01', 102),
(283, 21, 1644, '2023-04-06 02:48:01', '2023-04-06 02:48:01', 103),
(284, 21, 1645, '2023-04-06 02:48:01', '2023-04-06 02:48:01', 104),
(285, 21, 1646, '2023-04-06 02:48:01', '2023-04-06 02:48:01', 105),
(286, 21, 1647, '2023-04-06 02:48:01', '2023-04-06 02:48:01', 106),
(287, 21, 1648, '2023-04-06 02:48:01', '2023-04-06 02:48:01', 107),
(288, 21, 1649, '2023-04-06 02:48:01', '2023-04-06 02:48:01', 108),
(289, 21, 1650, '2023-04-06 02:48:01', '2023-04-06 02:48:01', 109),
(290, 21, 1651, '2023-04-06 02:48:01', '2023-04-06 02:48:01', 110),
(291, 21, 1652, '2023-04-06 02:48:01', '2023-04-06 02:48:01', 111),
(292, 21, 1653, '2023-04-06 02:48:01', '2023-04-06 02:48:01', 112),
(293, 21, 1654, '2023-04-06 02:48:01', '2023-04-06 02:48:01', 113),
(294, 21, 1655, '2023-04-06 02:48:01', '2023-04-06 02:48:01', 114),
(295, 21, 1656, '2023-04-06 02:48:01', '2023-04-06 02:48:01', 115),
(296, 21, 1657, '2023-04-06 02:48:01', '2023-04-06 02:48:01', 116),
(297, 21, 1658, '2023-04-06 02:48:01', '2023-04-06 02:48:01', 117),
(298, 21, 1659, '2023-04-06 02:48:01', '2023-04-06 02:48:01', 118),
(299, 21, 1660, '2023-04-06 02:48:01', '2023-04-06 02:48:01', 119),
(300, 21, 1661, '2023-04-06 02:48:01', '2023-04-06 02:48:01', 120),
(301, 21, 1662, '2023-04-06 02:48:01', '2023-04-06 02:48:01', 121),
(302, 21, 1663, '2023-04-06 02:48:01', '2023-04-06 02:48:01', 122),
(303, 21, 1664, '2023-04-06 02:48:01', '2023-04-06 02:48:01', 123),
(304, 21, 1665, '2023-04-06 02:48:01', '2023-04-06 02:48:01', 124),
(305, 21, 1666, '2023-04-06 02:48:01', '2023-04-06 02:48:01', 125),
(306, 21, 1667, '2023-04-06 02:48:01', '2023-04-06 02:48:01', 126),
(307, 21, 1668, '2023-04-06 02:48:01', '2023-04-06 02:48:01', 127),
(308, 21, 1669, '2023-04-06 02:48:01', '2023-04-06 02:48:01', 128),
(309, 21, 1670, '2023-04-06 02:48:01', '2023-04-06 02:48:01', 129),
(310, 21, 1671, '2023-04-06 02:48:01', '2023-04-06 02:48:01', 130),
(311, 21, 1672, '2023-04-06 02:48:01', '2023-04-06 02:48:01', 131),
(312, 21, 1673, '2023-04-06 02:48:01', '2023-04-06 02:48:01', 132),
(313, 21, 1674, '2023-04-06 02:48:01', '2023-04-06 02:48:01', 133),
(314, 21, 1675, '2023-04-06 02:48:01', '2023-04-06 02:48:01', 134),
(315, 21, 1676, '2023-04-06 02:48:01', '2023-04-06 02:48:01', 135),
(316, 21, 1677, '2023-04-06 02:48:01', '2023-04-06 02:48:01', 136),
(317, 21, 1678, '2023-04-06 02:48:01', '2023-04-06 02:48:01', 137),
(318, 21, 1679, '2023-04-06 02:48:01', '2023-04-06 02:48:01', 138),
(319, 21, 1680, '2023-04-06 02:48:01', '2023-04-06 02:48:01', 139),
(320, 21, 1681, '2023-04-06 02:48:01', '2023-04-06 02:48:01', 140),
(321, 21, 1682, '2023-04-06 02:48:01', '2023-04-06 02:48:01', 141),
(322, 21, 1683, '2023-04-06 02:48:01', '2023-04-06 02:48:01', 142),
(323, 21, 1684, '2023-04-06 02:48:01', '2023-04-06 02:48:01', 143),
(324, 21, 1685, '2023-04-06 02:48:01', '2023-04-06 02:48:01', 144),
(325, 21, 1686, '2023-04-06 02:48:01', '2023-04-06 02:48:01', 145),
(326, 21, 1687, '2023-04-06 02:48:01', '2023-04-06 02:48:01', 146),
(327, 21, 1688, '2023-04-06 02:48:01', '2023-04-06 02:48:01', 147),
(328, 21, 1689, '2023-04-06 02:48:01', '2023-04-06 02:48:01', 148),
(329, 21, 1690, '2023-04-06 02:48:01', '2023-04-06 02:48:01', 149),
(330, 21, 1691, '2023-04-06 02:48:01', '2023-04-06 02:48:01', 150),
(331, 21, 1692, '2023-04-06 02:48:01', '2023-04-06 02:48:01', 151),
(332, 21, 1693, '2023-04-06 02:48:01', '2023-04-06 02:48:01', 152),
(333, 21, 1694, '2023-04-06 02:48:01', '2023-04-06 02:48:01', 153),
(334, 21, 1695, '2023-04-06 02:48:01', '2023-04-06 02:48:01', 154),
(335, 21, 1696, '2023-04-06 02:48:01', '2023-04-06 02:48:01', 155),
(336, 21, 1697, '2023-04-06 02:48:01', '2023-04-06 02:48:01', 156),
(337, 21, 1698, '2023-04-06 02:48:01', '2023-04-06 02:48:01', 157),
(338, 21, 1699, '2023-04-06 02:48:01', '2023-04-06 02:48:01', 158),
(339, 21, 1700, '2023-04-06 02:48:01', '2023-04-06 02:48:01', 159),
(340, 21, 1701, '2023-04-06 02:48:01', '2023-04-06 02:48:01', 160),
(341, 21, 1702, '2023-04-06 02:48:01', '2023-04-06 02:48:01', 161),
(342, 21, 1703, '2023-04-06 02:48:01', '2023-04-06 02:48:01', 162),
(343, 21, 1704, '2023-04-06 02:48:01', '2023-04-06 02:48:01', 163),
(344, 21, 1705, '2023-04-06 02:48:01', '2023-04-06 02:48:01', 164),
(345, 21, 1706, '2023-04-06 02:48:01', '2023-04-06 02:48:01', 165),
(346, 21, 1707, '2023-04-06 02:48:01', '2023-04-06 02:48:01', 166),
(347, 21, 1708, '2023-04-06 02:48:01', '2023-04-06 02:48:01', 167),
(348, 21, 1709, '2023-04-06 02:48:01', '2023-04-06 02:48:01', 168),
(349, 21, 1710, '2023-04-06 02:48:01', '2023-04-06 02:48:01', 169),
(350, 21, 1711, '2023-04-06 02:48:01', '2023-04-06 02:48:01', 170),
(351, 21, 1712, '2023-04-06 02:48:01', '2023-04-06 02:48:01', 171),
(352, 21, 1713, '2023-04-06 02:48:01', '2023-04-06 02:48:01', 172),
(353, 21, 1714, '2023-04-06 02:48:01', '2023-04-06 02:48:01', 173),
(354, 21, 1715, '2023-04-06 02:48:01', '2023-04-06 02:48:01', 174),
(355, 21, 1716, '2023-04-06 02:48:01', '2023-04-06 02:48:01', 175),
(356, 21, 1717, '2023-04-06 02:48:01', '2023-04-06 02:48:01', 176),
(357, 21, 1718, '2023-04-06 02:48:01', '2023-04-06 02:48:01', 177),
(358, 21, 1719, '2023-04-06 02:48:01', '2023-04-06 02:48:01', 178),
(359, 21, 1720, '2023-04-06 02:48:01', '2023-04-06 02:48:01', 179);

-- --------------------------------------------------------

--
-- Table structure for table `kingdoms`
--

CREATE TABLE `kingdoms` (
  `id` int(10) UNSIGNED NOT NULL,
  `name` varchar(255) COLLATE utf8mb4_unicode_ci NOT NULL,
  `isActive` tinyint(1) NOT NULL DEFAULT 1,
  `created_at` timestamp NULL DEFAULT NULL,
  `updated_at` timestamp NULL DEFAULT NULL
) ENGINE=InnoDB DEFAULT CHARSET=utf8mb4 COLLATE=utf8mb4_unicode_ci;

--
-- Dumping data for table `kingdoms`
--

INSERT INTO `kingdoms` (`id`, `name`, `isActive`, `created_at`, `updated_at`) VALUES
(1, 'Empire', 1, NULL, NULL),
(2, 'Fédération Argannaise', 1, NULL, NULL),
(3, 'Nasgaroth', 1, NULL, NULL),
(4, 'Andore', 1, NULL, NULL),
(5, 'Pays de Kafe', 1, NULL, NULL),
(6, 'Irendille', 1, NULL, NULL),
(7, 'Cité des Sables', 1, NULL, NULL),
(8, 'Ozame', 1, NULL, NULL),
(9, 'Terres du Sud', 1, NULL, NULL),
(10, 'Berkwald', 1, NULL, NULL),
(11, 'Terres d\'Auquesse', 1, NULL, NULL),
(12, 'Carcosa', 1, NULL, NULL);

-- --------------------------------------------------------

--
-- Table structure for table `kingdom_attributes`
--

CREATE TABLE `kingdom_attributes` (
  `id` int(10) UNSIGNED NOT NULL,
  `attribute_id` int(10) UNSIGNED NOT NULL
) ENGINE=InnoDB DEFAULT CHARSET=utf8mb4 COLLATE=utf8mb4_unicode_ci;

-- --------------------------------------------------------

--
-- Table structure for table `kingdom_attribute_value`
--

CREATE TABLE `kingdom_attribute_value` (
  `id` bigint(20) UNSIGNED NOT NULL,
  `kingdom_attribute_id` int(10) UNSIGNED NOT NULL,
  `value_id` int(10) UNSIGNED NOT NULL,
  `created_at` timestamp NULL DEFAULT NULL,
  `updated_at` timestamp NULL DEFAULT NULL,
  `kingdom_id` int(11) NOT NULL
) ENGINE=InnoDB DEFAULT CHARSET=utf8mb4 COLLATE=utf8mb4_unicode_ci;

-- --------------------------------------------------------

--
-- Table structure for table `migrations`
--

CREATE TABLE `migrations` (
  `id` int(10) UNSIGNED NOT NULL,
  `migration` varchar(255) COLLATE utf8mb4_unicode_ci NOT NULL,
  `batch` int(11) NOT NULL
) ENGINE=InnoDB DEFAULT CHARSET=utf8mb4 COLLATE=utf8mb4_unicode_ci;

--
-- Dumping data for table `migrations`
--

INSERT INTO `migrations` (`id`, `migration`, `batch`) VALUES
(81, '2023_03_31_010335_create_attributes_table', 1),
(82, '2023_03_31_010335_create_calendar_events_table', 1),
(83, '2023_03_31_010335_create_failed_jobs_table', 1),
(84, '2023_03_31_010335_create_families_table', 1),
(85, '2023_03_31_010335_create_family_attribute_value_table', 1),
(86, '2023_03_31_010335_create_family_attributes_table', 1),
(87, '2023_03_31_010335_create_guild_attribute_value_table', 1),
(88, '2023_03_31_010335_create_guild_attributes_table', 1),
(89, '2023_03_31_010335_create_guilds_table', 1),
(90, '2023_03_31_010335_create_kingdom_attribute_value_table', 1),
(91, '2023_03_31_010335_create_kingdom_attributes_table', 1),
(92, '2023_03_31_010335_create_kingdoms_table', 1),
(93, '2023_03_31_010335_create_oauth_access_tokens_table', 1),
(94, '2023_03_31_010335_create_oauth_auth_codes_table', 1),
(95, '2023_03_31_010335_create_oauth_clients_table', 1),
(96, '2023_03_31_010335_create_oauth_personal_access_clients_table', 1),
(97, '2023_03_31_010335_create_oauth_refresh_tokens_table', 1),
(98, '2023_03_31_010335_create_password_resets_table', 1),
(99, '2023_03_31_010335_create_personal_access_tokens_table', 1),
(100, '2023_03_31_010335_create_religion_attribute_value_table', 1),
(101, '2023_03_31_010335_create_religion_attributes_table', 1),
(102, '2023_03_31_010335_create_religions_table', 1),
(103, '2023_03_31_010335_create_sessions_table', 1),
(104, '2023_03_31_010335_create_user_attribute_value_table', 1),
(105, '2023_03_31_010335_create_user_attributes_table', 1),
(106, '2023_03_31_010335_create_user_type_table', 1),
(107, '2023_03_31_010335_create_users_table', 1),
(108, '2023_03_31_010335_create_values_table', 1),
(109, '2014_05_19_151759_create_forum_table_categories', 2),
(110, '2014_05_19_152425_create_forum_table_threads', 2),
(111, '2014_05_19_152611_create_forum_table_posts', 2),
(112, '2015_04_14_180344_create_forum_table_threads_read', 3),
(113, '2015_07_22_181406_update_forum_table_categories', 3),
(114, '2015_07_22_181409_update_forum_table_threads', 3),
(115, '2015_07_22_181417_update_forum_table_posts', 3),
(116, '2016_05_24_114302_add_defaults_to_forum_table_threads_columns', 3),
(117, '2016_07_09_111441_add_counts_to_categories_table', 4),
(118, '2016_07_09_122706_add_counts_to_threads_table', 4),
(119, '2016_07_10_134700_add_sequence_to_posts_table', 4),
(120, '2018_11_04_211718_update_categories_table', 4),
(121, '2019_09_07_210904_update_forum_category_booleans', 4),
(122, '2019_09_07_230148_add_color_to_categories', 4),
(123, '2020_03_22_050710_add_thread_ids_to_categories', 5),
(124, '2020_03_22_055827_add_post_id_to_threads', 5),
(125, '2020_05_21_100000_create_teams_table', 5),
(126, '2020_05_21_200000_create_team_user_table', 5),
(127, '2020_05_21_300000_create_team_invitations_table', 5),
(128, '2020_12_02_233754_add_first_post_id_to_threads', 5),
(129, '2021_07_31_094750_add_fk_indices', 5);

-- --------------------------------------------------------

--
-- Table structure for table `oauth_access_tokens`
--

CREATE TABLE `oauth_access_tokens` (
  `id` varchar(100) COLLATE utf8mb4_unicode_ci NOT NULL,
  `user_id` bigint(20) UNSIGNED DEFAULT NULL,
  `client_id` bigint(20) UNSIGNED NOT NULL,
  `name` varchar(255) COLLATE utf8mb4_unicode_ci DEFAULT NULL,
  `scopes` text COLLATE utf8mb4_unicode_ci DEFAULT NULL,
  `revoked` tinyint(1) NOT NULL,
  `created_at` timestamp NULL DEFAULT NULL,
  `updated_at` timestamp NULL DEFAULT NULL,
  `expires_at` datetime DEFAULT NULL
) ENGINE=InnoDB DEFAULT CHARSET=utf8mb4 COLLATE=utf8mb4_unicode_ci;

-- --------------------------------------------------------

--
-- Table structure for table `oauth_auth_codes`
--

CREATE TABLE `oauth_auth_codes` (
  `id` varchar(100) COLLATE utf8mb4_unicode_ci NOT NULL,
  `user_id` bigint(20) UNSIGNED NOT NULL,
  `client_id` bigint(20) UNSIGNED NOT NULL,
  `scopes` text COLLATE utf8mb4_unicode_ci DEFAULT NULL,
  `revoked` tinyint(1) NOT NULL,
  `expires_at` datetime DEFAULT NULL
) ENGINE=InnoDB DEFAULT CHARSET=utf8mb4 COLLATE=utf8mb4_unicode_ci;

-- --------------------------------------------------------

--
-- Table structure for table `oauth_clients`
--

CREATE TABLE `oauth_clients` (
  `id` bigint(20) UNSIGNED NOT NULL,
  `user_id` bigint(20) UNSIGNED DEFAULT NULL,
  `name` varchar(255) COLLATE utf8mb4_unicode_ci NOT NULL,
  `secret` varchar(100) COLLATE utf8mb4_unicode_ci DEFAULT NULL,
  `provider` varchar(255) COLLATE utf8mb4_unicode_ci DEFAULT NULL,
  `redirect` text COLLATE utf8mb4_unicode_ci NOT NULL,
  `personal_access_client` tinyint(1) NOT NULL,
  `password_client` tinyint(1) NOT NULL,
  `revoked` tinyint(1) NOT NULL,
  `created_at` timestamp NULL DEFAULT NULL,
  `updated_at` timestamp NULL DEFAULT NULL
) ENGINE=InnoDB DEFAULT CHARSET=utf8mb4 COLLATE=utf8mb4_unicode_ci;

-- --------------------------------------------------------

--
-- Table structure for table `oauth_personal_access_clients`
--

CREATE TABLE `oauth_personal_access_clients` (
  `id` bigint(20) UNSIGNED NOT NULL,
  `client_id` bigint(20) UNSIGNED NOT NULL,
  `created_at` timestamp NULL DEFAULT NULL,
  `updated_at` timestamp NULL DEFAULT NULL
) ENGINE=InnoDB DEFAULT CHARSET=utf8mb4 COLLATE=utf8mb4_unicode_ci;

-- --------------------------------------------------------

--
-- Table structure for table `oauth_refresh_tokens`
--

CREATE TABLE `oauth_refresh_tokens` (
  `id` varchar(100) COLLATE utf8mb4_unicode_ci NOT NULL,
  `access_token_id` varchar(100) COLLATE utf8mb4_unicode_ci NOT NULL,
  `revoked` tinyint(1) NOT NULL,
  `expires_at` datetime DEFAULT NULL
) ENGINE=InnoDB DEFAULT CHARSET=utf8mb4 COLLATE=utf8mb4_unicode_ci;

-- --------------------------------------------------------

--
-- Table structure for table `password_resets`
--

CREATE TABLE `password_resets` (
  `email` varchar(255) COLLATE utf8mb4_unicode_ci NOT NULL,
  `token` varchar(255) COLLATE utf8mb4_unicode_ci NOT NULL,
  `created_at` timestamp NULL DEFAULT NULL
) ENGINE=InnoDB DEFAULT CHARSET=utf8mb4 COLLATE=utf8mb4_unicode_ci;

-- --------------------------------------------------------

--
-- Table structure for table `personal_access_tokens`
--

CREATE TABLE `personal_access_tokens` (
  `id` bigint(20) UNSIGNED NOT NULL,
  `tokenable_type` varchar(255) COLLATE utf8mb4_unicode_ci NOT NULL,
  `tokenable_id` bigint(20) UNSIGNED NOT NULL,
  `name` varchar(255) COLLATE utf8mb4_unicode_ci NOT NULL,
  `token` varchar(64) COLLATE utf8mb4_unicode_ci NOT NULL,
  `abilities` text COLLATE utf8mb4_unicode_ci DEFAULT NULL,
  `last_used_at` timestamp NULL DEFAULT NULL,
  `expires_at` timestamp NULL DEFAULT NULL,
  `created_at` timestamp NULL DEFAULT NULL,
  `updated_at` timestamp NULL DEFAULT NULL
) ENGINE=InnoDB DEFAULT CHARSET=utf8mb4 COLLATE=utf8mb4_unicode_ci;

-- --------------------------------------------------------

--
-- Table structure for table `religions`
--

CREATE TABLE `religions` (
  `id` int(10) UNSIGNED NOT NULL,
  `name` varchar(255) COLLATE utf8mb4_unicode_ci NOT NULL,
  `isActive` tinyint(1) NOT NULL DEFAULT 1,
  `created_at` timestamp NULL DEFAULT NULL,
  `updated_at` timestamp NULL DEFAULT NULL
) ENGINE=InnoDB DEFAULT CHARSET=utf8mb4 COLLATE=utf8mb4_unicode_ci;

--
-- Dumping data for table `religions`
--

INSERT INTO `religions` (`id`, `name`, `isActive`, `created_at`, `updated_at`) VALUES
(1, 'Sol Invictus', 1, NULL, NULL),
(2, 'Al-Tariqa Fii-salaam', 1, NULL, NULL),
(3, 'Althing Sacré', 1, NULL, NULL),
(4, 'Arathi', 1, NULL, NULL),
(5, 'Cercle', 1, NULL, NULL),
(6, 'Codex des étoiles', 1, NULL, NULL),
(7, 'Culte du Grand Chien', 1, NULL, NULL),
(8, 'Culte du guerrier', 1, NULL, NULL),
(9, 'Fel’Lökla', 1, NULL, NULL),
(10, 'Flamme Ardente', 1, NULL, NULL),
(11, 'Grand Corbeau', 1, NULL, NULL),
(12, 'Grande Chasse', 1, NULL, NULL),
(13, 'Grimmorgog', 1, NULL, NULL),
(14, 'Haeresis', 1, NULL, NULL),
(15, 'Jabba Hal', 1, NULL, NULL),
(16, 'Kanna Andheim', 1, NULL, NULL),
(17, 'Naak’e’Tuun', 1, NULL, NULL),
(18, 'Noisehoc', 1, NULL, NULL),
(19, 'Octo Armis', 1, NULL, NULL),
(20, 'Ordre du Savoir', 1, NULL, NULL),
(21, 'Reikskult', 1, NULL, NULL),
(22, 'Rite de Saint Clément\r', 1, NULL, NULL),
(23, 'Sainte Église de l’Unique\r', 1, NULL, NULL),
(24, 'Sang Sans Peur', 1, NULL, NULL),
(25, 'Sin’Doreï', 1, NULL, NULL),
(26, 'Solara', 1, NULL, NULL),
(27, 'Tératos', 1, NULL, NULL),
(28, 'Valkfadir', 1, NULL, NULL),
(29, 'Vraie Foi\r', 1, NULL, NULL);

-- --------------------------------------------------------

--
-- Table structure for table `religion_attributes`
--

CREATE TABLE `religion_attributes` (
  `id` int(10) UNSIGNED NOT NULL,
  `attribute_id` int(10) UNSIGNED NOT NULL
) ENGINE=InnoDB DEFAULT CHARSET=utf8mb4 COLLATE=utf8mb4_unicode_ci;

-- --------------------------------------------------------

--
-- Table structure for table `religion_attribute_value`
--

CREATE TABLE `religion_attribute_value` (
  `id` bigint(20) UNSIGNED NOT NULL,
  `religion_attribute_id` int(10) UNSIGNED NOT NULL,
  `value_id` int(10) UNSIGNED NOT NULL,
  `created_at` timestamp NULL DEFAULT NULL,
  `updated_at` timestamp NULL DEFAULT NULL,
  `religion_id` int(11) NOT NULL
) ENGINE=InnoDB DEFAULT CHARSET=utf8mb4 COLLATE=utf8mb4_unicode_ci;

-- --------------------------------------------------------

--
-- Table structure for table `sessions`
--

CREATE TABLE `sessions` (
  `id` varchar(255) COLLATE utf8mb4_unicode_ci NOT NULL,
  `user_id` bigint(20) UNSIGNED DEFAULT NULL,
  `ip_address` varchar(45) COLLATE utf8mb4_unicode_ci DEFAULT NULL,
  `user_agent` text COLLATE utf8mb4_unicode_ci DEFAULT NULL,
  `payload` longtext COLLATE utf8mb4_unicode_ci NOT NULL,
  `last_activity` int(11) NOT NULL
) ENGINE=InnoDB DEFAULT CHARSET=utf8mb4 COLLATE=utf8mb4_unicode_ci;

--
-- Dumping data for table `sessions`
--

INSERT INTO `sessions` (`id`, `user_id`, `ip_address`, `user_agent`, `payload`, `last_activity`) VALUES
('ZkBTxClOKAkco9gRc1E4X8NinpSJ3WNRRr7DNoOl', 1, '::1', 'Mozilla/5.0 (Windows NT 10.0; Win64; x64) AppleWebKit/537.36 (KHTML, like Gecko) Chrome/111.0.0.0 Safari/537.36', 'YTo2OntzOjY6Il90b2tlbiI7czo0MDoieWM4ZEhCYTVoQzF4SlZ5a2hvNWdQUERIMHlRSVU1V040SGU2T1FrNSI7czozOiJ1cmwiO2E6MDp7fXM6OToiX3ByZXZpb3VzIjthOjE6e3M6MzoidXJsIjtzOjM4OiJodHRwOi8vbG9jYWxob3N0L2FkbWluaXN0cmF0aW9uL2d1aWxkcyI7fXM6NjoiX2ZsYXNoIjthOjI6e3M6Mzoib2xkIjthOjA6e31zOjM6Im5ldyI7YTowOnt9fXM6NTA6ImxvZ2luX3dlYl81OWJhMzZhZGRjMmIyZjk0MDE1ODBmMDE0YzdmNThlYTRlMzA5ODlkIjtpOjE7czoyMToicGFzc3dvcmRfaGFzaF9zYW5jdHVtIjtzOjYwOiIkMnkkMTAkYUJ5cENHVUd5REJDcFdGamVIZ3ZKZWE4cjF4WTZ5djFXYlEvbWF4OXZJMXlwUnBSbU5pN0MiO30=', 1680756520);

-- --------------------------------------------------------

--
-- Table structure for table `teams`
--

CREATE TABLE `teams` (
  `id` bigint(20) UNSIGNED NOT NULL,
  `user_id` bigint(20) UNSIGNED NOT NULL,
  `name` varchar(255) COLLATE utf8mb4_unicode_ci NOT NULL,
  `personal_team` tinyint(1) NOT NULL,
  `created_at` timestamp NULL DEFAULT NULL,
  `updated_at` timestamp NULL DEFAULT NULL
) ENGINE=InnoDB DEFAULT CHARSET=utf8mb4 COLLATE=utf8mb4_unicode_ci;

-- --------------------------------------------------------

--
-- Table structure for table `team_invitations`
--

CREATE TABLE `team_invitations` (
  `id` bigint(20) UNSIGNED NOT NULL,
  `team_id` bigint(20) UNSIGNED NOT NULL,
  `email` varchar(255) COLLATE utf8mb4_unicode_ci NOT NULL,
  `role` varchar(255) COLLATE utf8mb4_unicode_ci DEFAULT NULL,
  `created_at` timestamp NULL DEFAULT NULL,
  `updated_at` timestamp NULL DEFAULT NULL
) ENGINE=InnoDB DEFAULT CHARSET=utf8mb4 COLLATE=utf8mb4_unicode_ci;

-- --------------------------------------------------------

--
-- Table structure for table `team_user`
--

CREATE TABLE `team_user` (
  `id` bigint(20) UNSIGNED NOT NULL,
  `team_id` bigint(20) UNSIGNED NOT NULL,
  `user_id` bigint(20) UNSIGNED NOT NULL,
  `role` varchar(255) COLLATE utf8mb4_unicode_ci DEFAULT NULL,
  `created_at` timestamp NULL DEFAULT NULL,
  `updated_at` timestamp NULL DEFAULT NULL
) ENGINE=InnoDB DEFAULT CHARSET=utf8mb4 COLLATE=utf8mb4_unicode_ci;

-- --------------------------------------------------------

--
-- Table structure for table `users`
--

CREATE TABLE `users` (
  `id` bigint(20) UNSIGNED NOT NULL,
  `name` varchar(255) COLLATE utf8mb4_unicode_ci NOT NULL,
  `email` varchar(255) COLLATE utf8mb4_unicode_ci NOT NULL,
  `email_verified_at` timestamp NULL DEFAULT NULL,
  `password` varchar(255) COLLATE utf8mb4_unicode_ci NOT NULL,
  `two_factor_secret` text COLLATE utf8mb4_unicode_ci DEFAULT NULL,
  `two_factor_recovery_codes` text COLLATE utf8mb4_unicode_ci DEFAULT NULL,
  `two_factor_confirmed_at` timestamp NULL DEFAULT NULL,
  `remember_token` varchar(100) COLLATE utf8mb4_unicode_ci DEFAULT NULL,
  `current_team_id` bigint(20) UNSIGNED DEFAULT NULL,
  `profile_photo_path` varchar(2048) COLLATE utf8mb4_unicode_ci DEFAULT NULL,
  `created_at` timestamp NULL DEFAULT NULL,
  `updated_at` timestamp NULL DEFAULT NULL,
  `type` int(11) NOT NULL DEFAULT 1
) ENGINE=InnoDB DEFAULT CHARSET=utf8mb4 COLLATE=utf8mb4_unicode_ci;

--
-- Dumping data for table `users`
--

INSERT INTO `users` (`id`, `name`, `email`, `email_verified_at`, `password`, `two_factor_secret`, `two_factor_recovery_codes`, `two_factor_confirmed_at`, `remember_token`, `current_team_id`, `profile_photo_path`, `created_at`, `updated_at`, `type`) VALUES
(1, 'diogenus', 'christopher.r.murray@protonmail.com', NULL, '$2y$10$aBypCGUGyDBCpWFjeHgvJea8r1xY6yv1WbQ/max9vI1ypRpRmNi7C', NULL, NULL, NULL, NULL, NULL, NULL, '2022-09-06 03:56:11', '2022-09-06 03:56:11', 2),
(2, 'test', 'test@test.com', NULL, '$2y$10$XkjCx3AeKuYbId3vjC1hQ.rdMTGZjdaGTnwL.gtgFx7.QYTgtJ0Im', NULL, NULL, NULL, NULL, NULL, NULL, '2022-09-10 06:40:47', '2022-09-10 06:40:47', 1);

-- --------------------------------------------------------

--
-- Table structure for table `user_attributes`
--

CREATE TABLE `user_attributes` (
  `id` int(10) UNSIGNED NOT NULL,
  `attribute_id` int(10) UNSIGNED NOT NULL
) ENGINE=InnoDB DEFAULT CHARSET=utf8mb4 COLLATE=utf8mb4_unicode_ci;

--
-- Dumping data for table `user_attributes`
--

INSERT INTO `user_attributes` (`id`, `attribute_id`) VALUES
(1, 6),
(2, 7);

-- --------------------------------------------------------

--
-- Table structure for table `user_attribute_value`
--

CREATE TABLE `user_attribute_value` (
  `id` bigint(20) UNSIGNED NOT NULL,
  `user_attribute_id` int(10) UNSIGNED NOT NULL,
  `value_id` int(10) UNSIGNED NOT NULL,
  `created_at` timestamp NULL DEFAULT NULL,
  `updated_at` timestamp NULL DEFAULT NULL,
  `user_id` int(11) NOT NULL
) ENGINE=InnoDB DEFAULT CHARSET=utf8mb4 COLLATE=utf8mb4_unicode_ci;

--
-- Dumping data for table `user_attribute_value`
--

INSERT INTO `user_attribute_value` (`id`, `user_attribute_id`, `value_id`, `created_at`, `updated_at`, `user_id`) VALUES
(1, 1, 1538, '2023-04-06 02:45:33', '2023-04-06 02:45:33', 1),
(2, 1, 1539, '2023-04-06 02:45:33', '2023-04-06 02:45:33', 2),
(3, 2, 1540, '2023-04-06 02:47:28', '2023-04-06 02:47:28', 1),
(4, 2, 1541, '2023-04-06 02:47:28', '2023-04-06 02:47:28', 2);

-- --------------------------------------------------------

--
-- Table structure for table `user_type`
--

CREATE TABLE `user_type` (
  `id` int(10) UNSIGNED NOT NULL,
  `name` varchar(255) DEFAULT NULL
) ENGINE=InnoDB DEFAULT CHARSET=utf8mb4;

--
-- Dumping data for table `user_type`
--

INSERT INTO `user_type` (`id`, `name`) VALUES
(1, 'user'),
(2, 'admin');

-- --------------------------------------------------------

--
-- Table structure for table `values`
--

CREATE TABLE `values` (
  `id` int(10) UNSIGNED NOT NULL,
  `value` varchar(10000) COLLATE utf8mb4_unicode_ci NOT NULL,
  `created_at` timestamp NULL DEFAULT NULL,
  `updated_at` timestamp NULL DEFAULT NULL
) ENGINE=InnoDB DEFAULT CHARSET=utf8mb4 COLLATE=utf8mb4_unicode_ci;

--
-- Dumping data for table `values`
--

INSERT INTO `values` (`id`, `value`, `created_at`, `updated_at`) VALUES
(1, 'Lorem ipsum dolor sit amet, consectetuer adipiscing elit.', NULL, '2023-04-01 06:54:07'),
(2, 'octavii-1-transparent.png', NULL, NULL),
(3, '4', NULL, '2023-04-01 08:06:20'),
(4, '', '2022-10-12 04:15:55', '2022-10-12 04:15:55'),
(5, '', '2022-10-12 04:15:55', '2022-10-12 04:15:55'),
(6, '', '2022-10-12 04:15:55', '2022-10-12 04:15:55'),
(7, '', '2022-10-12 07:34:11', '2022-10-12 07:34:11'),
(8, '', '2022-10-12 07:34:11', '2022-10-12 07:34:11'),
(9, '', '2022-10-12 07:34:11', '2022-10-12 07:34:11'),
(10, '', '2022-10-12 07:35:19', '2022-10-12 07:35:19'),
(11, '', '2022-10-12 07:35:19', '2022-10-12 07:35:19'),
(12, '', '2022-10-12 07:35:19', '2022-10-12 07:35:19'),
(13, '', '2022-10-12 08:04:29', '2022-10-12 08:04:29'),
(14, '', '2022-10-12 08:04:29', '2022-10-12 08:04:29'),
(15, '', '2022-10-12 08:04:29', '2022-10-12 08:04:29'),
(16, '', '2022-10-12 08:10:54', '2022-10-12 08:10:54'),
(17, '', '2022-10-12 08:10:54', '2022-10-12 08:10:54'),
(18, '', '2022-10-12 08:10:54', '2022-10-12 08:10:54'),
(19, '', '2022-10-12 08:17:47', '2022-10-12 08:17:47'),
(20, '', '2022-10-12 08:17:47', '2022-10-12 08:17:47'),
(21, '', '2022-10-12 08:17:47', '2022-10-12 08:17:47'),
(22, '', '2022-10-12 08:17:58', '2022-10-12 08:17:58'),
(23, '', '2022-10-12 08:17:58', '2022-10-12 08:17:58'),
(24, '', '2022-10-12 08:17:58', '2022-10-12 08:17:58'),
(25, '', '2022-10-12 08:18:41', '2022-10-12 08:18:41'),
(26, '', '2022-10-12 08:18:41', '2022-10-12 08:18:41'),
(27, '', '2022-10-12 08:18:41', '2022-10-12 08:18:41'),
(28, '', '2022-10-12 20:11:04', '2022-10-12 20:11:04'),
(29, 'test4', '2022-10-12 20:11:04', '2023-04-01 07:00:17'),
(30, 'test12345', '2022-10-12 20:11:04', '2023-04-01 07:00:32'),
(31, '', '2022-10-12 20:11:04', '2022-10-12 20:11:04'),
(32, '', '2022-10-12 20:11:04', '2022-10-12 20:11:04'),
(33, '', '2022-10-12 20:11:04', '2022-10-12 20:11:04'),
(34, '', '2022-10-12 20:11:04', '2022-10-12 20:11:04'),
(35, '', '2022-10-12 20:11:04', '2022-10-12 20:11:04'),
(36, '', '2022-10-12 20:11:04', '2022-10-12 20:11:04'),
(37, '', '2022-10-12 20:11:04', '2022-10-12 20:11:04'),
(38, '', '2022-10-12 20:11:04', '2022-10-12 20:11:04'),
(39, '', '2022-10-12 20:11:04', '2022-10-12 20:11:04'),
(40, '', '2022-10-13 07:23:16', '2022-10-13 07:23:16'),
(41, '', '2022-10-13 07:23:16', '2022-10-13 07:23:16'),
(42, '', '2022-10-13 07:23:16', '2022-10-13 07:23:16'),
(43, '', '2022-10-13 07:23:16', '2022-10-13 07:23:16'),
(44, 'Octavii', '2022-10-13 07:24:48', '2022-10-13 07:24:48'),
(45, 'octavii-1-transparent.png', '2022-10-13 07:24:48', '2023-04-01 07:06:11'),
(46, 'octavii-1-transparent.png', '2022-10-13 07:24:48', '2023-04-01 07:06:21'),
(47, 'octavii-1-transparent.png', '2022-10-13 07:24:48', '2023-04-01 07:06:30'),
(48, '', '2022-10-13 07:24:48', '2022-10-13 07:24:48'),
(49, '', '2022-10-13 07:24:48', '2022-10-13 07:24:48'),
(50, '', '2022-10-13 07:24:48', '2022-10-13 07:24:48'),
(51, '', '2022-10-13 07:24:48', '2022-10-13 07:24:48'),
(52, '', '2022-10-13 07:24:48', '2022-10-13 07:24:48'),
(53, '', '2022-10-13 07:24:48', '2022-10-13 07:24:48'),
(54, '', '2022-10-13 07:24:48', '2022-10-13 07:24:48'),
(55, '', '2022-10-13 07:24:48', '2022-10-13 07:24:48'),
(56, '', '2023-04-01 02:58:12', '2023-04-01 02:58:12'),
(57, '', '2023-04-01 02:58:12', '2023-04-01 02:58:12'),
(58, '', '2023-04-01 02:58:12', '2023-04-01 02:58:12'),
(59, '', '2023-04-01 02:58:12', '2023-04-01 02:58:12'),
(60, '', '2023-04-01 02:58:12', '2023-04-01 02:58:12'),
(61, '', '2023-04-01 03:07:39', '2023-04-01 03:07:39'),
(62, '', '2023-04-01 03:07:39', '2023-04-01 03:07:39'),
(63, '', '2023-04-01 03:07:39', '2023-04-01 03:07:39'),
(64, '', '2023-04-01 03:07:39', '2023-04-01 03:07:39'),
(65, '', '2023-04-01 03:07:39', '2023-04-01 03:07:39'),
(66, '', '2023-04-01 08:01:46', '2023-04-01 08:01:46'),
(67, 'octavii-1-transparent.png', '2023-04-01 08:01:46', '2023-04-01 08:03:54'),
(68, '', '2023-04-01 08:01:46', '2023-04-01 08:01:46'),
(69, '', '2023-04-01 08:01:46', '2023-04-01 08:01:46'),
(70, '', '2023-04-01 08:01:46', '2023-04-01 08:01:46'),
(71, '', '2023-04-01 08:04:08', '2023-04-01 08:04:08'),
(72, 'rapax-1.jpg', '2023-04-01 08:04:08', '2023-04-01 08:05:27'),
(73, '', '2023-04-01 08:04:08', '2023-04-01 08:04:08'),
(74, '', '2023-04-01 08:04:08', '2023-04-01 08:04:08'),
(75, '', '2023-04-01 08:04:08', '2023-04-01 08:04:08'),
(76, '', '2023-04-01 08:04:10', '2023-04-01 08:04:10'),
(77, 'praetoria-1.jpg', '2023-04-01 08:04:10', '2023-04-01 08:05:55'),
(78, '', '2023-04-01 08:04:10', '2023-04-01 08:04:10'),
(79, '', '2023-04-01 08:04:10', '2023-04-01 08:04:10'),
(80, '', '2023-04-01 08:04:10', '2023-04-01 08:04:10'),
(81, '', '2023-04-05 23:17:31', '2023-04-05 23:17:31'),
(82, '', '2023-04-05 23:19:00', '2023-04-05 23:19:00'),
(83, '', '2023-04-05 23:21:56', '2023-04-05 23:21:56'),
(84, '', '2023-04-05 23:24:31', '2023-04-05 23:24:31'),
(85, '', '2023-04-05 23:24:32', '2023-04-05 23:24:32'),
(86, '', '2023-04-05 23:24:37', '2023-04-05 23:24:37'),
(87, '', '2023-04-05 23:24:37', '2023-04-05 23:24:37'),
(88, '', '2023-04-05 23:24:37', '2023-04-05 23:24:37'),
(89, '', '2023-04-05 23:24:37', '2023-04-05 23:24:37'),
(90, '', '2023-04-05 23:24:37', '2023-04-05 23:24:37'),
(91, '', '2023-04-05 23:24:37', '2023-04-05 23:24:37'),
(92, '', '2023-04-05 23:24:37', '2023-04-05 23:24:37'),
(93, '', '2023-04-05 23:24:37', '2023-04-05 23:24:37'),
(94, '', '2023-04-05 23:24:37', '2023-04-05 23:24:37'),
(95, '', '2023-04-05 23:24:37', '2023-04-05 23:24:37'),
(96, '', '2023-04-05 23:24:37', '2023-04-05 23:24:37'),
(97, '', '2023-04-05 23:24:37', '2023-04-05 23:24:37'),
(98, '', '2023-04-05 23:24:37', '2023-04-05 23:24:37'),
(99, '', '2023-04-05 23:24:37', '2023-04-05 23:24:37'),
(100, '', '2023-04-05 23:24:37', '2023-04-05 23:24:37'),
(101, '', '2023-04-05 23:24:37', '2023-04-05 23:24:37'),
(102, '', '2023-04-05 23:24:37', '2023-04-05 23:24:37'),
(103, '', '2023-04-05 23:24:37', '2023-04-05 23:24:37'),
(104, '', '2023-04-05 23:24:37', '2023-04-05 23:24:37'),
(105, '', '2023-04-05 23:24:37', '2023-04-05 23:24:37'),
(106, '', '2023-04-05 23:24:37', '2023-04-05 23:24:37'),
(107, '', '2023-04-05 23:24:37', '2023-04-05 23:24:37'),
(108, '', '2023-04-05 23:24:37', '2023-04-05 23:24:37'),
(109, '', '2023-04-05 23:24:37', '2023-04-05 23:24:37'),
(110, '', '2023-04-05 23:24:37', '2023-04-05 23:24:37'),
(111, '', '2023-04-05 23:24:37', '2023-04-05 23:24:37'),
(112, '', '2023-04-05 23:24:37', '2023-04-05 23:24:37'),
(113, '', '2023-04-05 23:24:37', '2023-04-05 23:24:37'),
(114, '', '2023-04-05 23:24:37', '2023-04-05 23:24:37'),
(115, '', '2023-04-05 23:24:37', '2023-04-05 23:24:37'),
(116, '', '2023-04-05 23:24:37', '2023-04-05 23:24:37'),
(117, '', '2023-04-05 23:24:37', '2023-04-05 23:24:37'),
(118, '', '2023-04-05 23:24:37', '2023-04-05 23:24:37'),
(119, '', '2023-04-05 23:24:37', '2023-04-05 23:24:37'),
(120, '', '2023-04-05 23:24:37', '2023-04-05 23:24:37'),
(121, '', '2023-04-05 23:24:37', '2023-04-05 23:24:37'),
(122, '', '2023-04-05 23:24:37', '2023-04-05 23:24:37'),
(123, '', '2023-04-05 23:24:37', '2023-04-05 23:24:37'),
(124, '', '2023-04-05 23:24:37', '2023-04-05 23:24:37'),
(125, '', '2023-04-05 23:24:37', '2023-04-05 23:24:37'),
(126, '', '2023-04-05 23:24:37', '2023-04-05 23:24:37'),
(127, '', '2023-04-05 23:24:37', '2023-04-05 23:24:37'),
(128, '', '2023-04-05 23:24:37', '2023-04-05 23:24:37'),
(129, '', '2023-04-05 23:24:37', '2023-04-05 23:24:37'),
(130, '', '2023-04-05 23:24:37', '2023-04-05 23:24:37'),
(131, '', '2023-04-05 23:24:37', '2023-04-05 23:24:37'),
(132, '', '2023-04-05 23:24:37', '2023-04-05 23:24:37'),
(133, '', '2023-04-05 23:24:37', '2023-04-05 23:24:37'),
(134, '', '2023-04-05 23:24:37', '2023-04-05 23:24:37'),
(135, '', '2023-04-05 23:24:37', '2023-04-05 23:24:37'),
(136, '', '2023-04-05 23:24:37', '2023-04-05 23:24:37'),
(137, '', '2023-04-05 23:24:37', '2023-04-05 23:24:37'),
(138, '', '2023-04-05 23:24:37', '2023-04-05 23:24:37'),
(139, '', '2023-04-05 23:24:37', '2023-04-05 23:24:37'),
(140, '', '2023-04-05 23:24:37', '2023-04-05 23:24:37'),
(141, '', '2023-04-05 23:24:37', '2023-04-05 23:24:37'),
(142, '', '2023-04-05 23:24:37', '2023-04-05 23:24:37'),
(143, '', '2023-04-05 23:24:37', '2023-04-05 23:24:37'),
(144, '', '2023-04-05 23:24:37', '2023-04-05 23:24:37'),
(145, '', '2023-04-05 23:24:37', '2023-04-05 23:24:37'),
(146, '', '2023-04-05 23:24:37', '2023-04-05 23:24:37'),
(147, '', '2023-04-05 23:24:37', '2023-04-05 23:24:37'),
(148, '', '2023-04-05 23:24:37', '2023-04-05 23:24:37'),
(149, '', '2023-04-05 23:24:37', '2023-04-05 23:24:37'),
(150, '', '2023-04-05 23:24:37', '2023-04-05 23:24:37'),
(151, '', '2023-04-05 23:24:37', '2023-04-05 23:24:37'),
(152, '', '2023-04-05 23:24:37', '2023-04-05 23:24:37'),
(153, '', '2023-04-05 23:24:37', '2023-04-05 23:24:37'),
(154, '', '2023-04-05 23:24:37', '2023-04-05 23:24:37'),
(155, '', '2023-04-05 23:24:37', '2023-04-05 23:24:37'),
(156, '', '2023-04-05 23:24:37', '2023-04-05 23:24:37'),
(157, '', '2023-04-05 23:24:37', '2023-04-05 23:24:37'),
(158, '', '2023-04-05 23:24:37', '2023-04-05 23:24:37'),
(159, '', '2023-04-05 23:24:37', '2023-04-05 23:24:37'),
(160, '', '2023-04-05 23:24:37', '2023-04-05 23:24:37'),
(161, '', '2023-04-05 23:24:37', '2023-04-05 23:24:37'),
(162, '', '2023-04-05 23:24:37', '2023-04-05 23:24:37'),
(163, '', '2023-04-05 23:24:37', '2023-04-05 23:24:37'),
(164, '', '2023-04-05 23:24:37', '2023-04-05 23:24:37'),
(165, '', '2023-04-05 23:24:37', '2023-04-05 23:24:37'),
(166, '', '2023-04-05 23:24:37', '2023-04-05 23:24:37'),
(167, '', '2023-04-05 23:24:37', '2023-04-05 23:24:37'),
(168, '', '2023-04-05 23:24:37', '2023-04-05 23:24:37'),
(169, '', '2023-04-05 23:24:37', '2023-04-05 23:24:37'),
(170, '', '2023-04-05 23:24:37', '2023-04-05 23:24:37'),
(171, '', '2023-04-05 23:24:37', '2023-04-05 23:24:37'),
(172, '', '2023-04-05 23:24:37', '2023-04-05 23:24:37'),
(173, '', '2023-04-05 23:24:37', '2023-04-05 23:24:37'),
(174, '', '2023-04-05 23:24:37', '2023-04-05 23:24:37'),
(175, '', '2023-04-05 23:24:37', '2023-04-05 23:24:37'),
(176, '', '2023-04-05 23:24:37', '2023-04-05 23:24:37'),
(177, '', '2023-04-05 23:24:37', '2023-04-05 23:24:37'),
(178, '', '2023-04-05 23:24:37', '2023-04-05 23:24:37'),
(179, '', '2023-04-05 23:24:37', '2023-04-05 23:24:37'),
(180, '', '2023-04-05 23:24:37', '2023-04-05 23:24:37'),
(181, '', '2023-04-05 23:24:37', '2023-04-05 23:24:37'),
(182, '', '2023-04-05 23:24:37', '2023-04-05 23:24:37'),
(183, '', '2023-04-05 23:24:37', '2023-04-05 23:24:37'),
(184, '', '2023-04-05 23:24:37', '2023-04-05 23:24:37'),
(185, '', '2023-04-05 23:24:37', '2023-04-05 23:24:37'),
(186, '', '2023-04-05 23:24:37', '2023-04-05 23:24:37'),
(187, '', '2023-04-05 23:24:37', '2023-04-05 23:24:37'),
(188, '', '2023-04-05 23:24:37', '2023-04-05 23:24:37'),
(189, '', '2023-04-05 23:24:37', '2023-04-05 23:24:37'),
(190, '', '2023-04-05 23:24:37', '2023-04-05 23:24:37'),
(191, '', '2023-04-05 23:24:37', '2023-04-05 23:24:37'),
(192, '', '2023-04-05 23:24:37', '2023-04-05 23:24:37'),
(193, '', '2023-04-05 23:24:37', '2023-04-05 23:24:37'),
(194, '', '2023-04-05 23:24:37', '2023-04-05 23:24:37'),
(195, '', '2023-04-05 23:24:37', '2023-04-05 23:24:37'),
(196, '', '2023-04-05 23:24:37', '2023-04-05 23:24:37'),
(197, '', '2023-04-05 23:24:37', '2023-04-05 23:24:37'),
(198, '', '2023-04-05 23:24:37', '2023-04-05 23:24:37'),
(199, '', '2023-04-05 23:24:37', '2023-04-05 23:24:37'),
(200, '', '2023-04-05 23:24:37', '2023-04-05 23:24:37'),
(201, '', '2023-04-05 23:24:37', '2023-04-05 23:24:37'),
(202, '', '2023-04-05 23:24:37', '2023-04-05 23:24:37'),
(203, '', '2023-04-05 23:24:37', '2023-04-05 23:24:37'),
(204, '', '2023-04-05 23:24:37', '2023-04-05 23:24:37'),
(205, '', '2023-04-05 23:24:37', '2023-04-05 23:24:37'),
(206, '', '2023-04-05 23:24:37', '2023-04-05 23:24:37'),
(207, '', '2023-04-05 23:24:37', '2023-04-05 23:24:37'),
(208, '', '2023-04-05 23:24:37', '2023-04-05 23:24:37'),
(209, '', '2023-04-05 23:24:37', '2023-04-05 23:24:37'),
(210, '', '2023-04-05 23:24:37', '2023-04-05 23:24:37'),
(211, '', '2023-04-05 23:24:37', '2023-04-05 23:24:37'),
(212, '', '2023-04-05 23:24:37', '2023-04-05 23:24:37'),
(213, '', '2023-04-05 23:24:37', '2023-04-05 23:24:37'),
(214, '', '2023-04-05 23:24:37', '2023-04-05 23:24:37'),
(215, '', '2023-04-05 23:24:37', '2023-04-05 23:24:37'),
(216, '', '2023-04-05 23:24:37', '2023-04-05 23:24:37'),
(217, '', '2023-04-05 23:24:37', '2023-04-05 23:24:37'),
(218, '', '2023-04-05 23:24:37', '2023-04-05 23:24:37'),
(219, '', '2023-04-05 23:24:37', '2023-04-05 23:24:37'),
(220, '', '2023-04-05 23:24:37', '2023-04-05 23:24:37'),
(221, '', '2023-04-05 23:24:37', '2023-04-05 23:24:37'),
(222, '', '2023-04-05 23:24:37', '2023-04-05 23:24:37'),
(223, '', '2023-04-05 23:24:37', '2023-04-05 23:24:37'),
(224, '', '2023-04-05 23:24:37', '2023-04-05 23:24:37'),
(225, '', '2023-04-05 23:24:37', '2023-04-05 23:24:37'),
(226, '', '2023-04-05 23:24:37', '2023-04-05 23:24:37'),
(227, '', '2023-04-05 23:24:37', '2023-04-05 23:24:37'),
(228, '', '2023-04-05 23:24:37', '2023-04-05 23:24:37'),
(229, '', '2023-04-05 23:24:37', '2023-04-05 23:24:37'),
(230, '', '2023-04-05 23:24:37', '2023-04-05 23:24:37'),
(231, '', '2023-04-05 23:24:37', '2023-04-05 23:24:37'),
(232, '', '2023-04-05 23:24:37', '2023-04-05 23:24:37'),
(233, '', '2023-04-05 23:24:37', '2023-04-05 23:24:37'),
(234, '', '2023-04-05 23:24:37', '2023-04-05 23:24:37'),
(235, '', '2023-04-05 23:24:37', '2023-04-05 23:24:37'),
(236, '', '2023-04-05 23:24:37', '2023-04-05 23:24:37'),
(237, '', '2023-04-05 23:24:37', '2023-04-05 23:24:37'),
(238, '', '2023-04-05 23:24:37', '2023-04-05 23:24:37'),
(239, '', '2023-04-05 23:24:37', '2023-04-05 23:24:37'),
(240, '', '2023-04-05 23:24:37', '2023-04-05 23:24:37'),
(241, '', '2023-04-05 23:24:37', '2023-04-05 23:24:37'),
(242, '', '2023-04-05 23:24:37', '2023-04-05 23:24:37'),
(243, '', '2023-04-05 23:24:37', '2023-04-05 23:24:37'),
(244, '', '2023-04-05 23:24:37', '2023-04-05 23:24:37'),
(245, '', '2023-04-05 23:24:37', '2023-04-05 23:24:37'),
(246, '', '2023-04-05 23:24:37', '2023-04-05 23:24:37'),
(247, '', '2023-04-05 23:24:37', '2023-04-05 23:24:37'),
(248, '', '2023-04-05 23:24:37', '2023-04-05 23:24:37'),
(249, '', '2023-04-05 23:24:37', '2023-04-05 23:24:37'),
(250, '', '2023-04-05 23:24:37', '2023-04-05 23:24:37'),
(251, '', '2023-04-05 23:24:37', '2023-04-05 23:24:37'),
(252, '', '2023-04-05 23:24:37', '2023-04-05 23:24:37'),
(253, '', '2023-04-05 23:24:37', '2023-04-05 23:24:37'),
(254, '', '2023-04-05 23:24:37', '2023-04-05 23:24:37'),
(255, '', '2023-04-05 23:24:37', '2023-04-05 23:24:37'),
(256, '', '2023-04-05 23:24:37', '2023-04-05 23:24:37'),
(257, '', '2023-04-05 23:24:37', '2023-04-05 23:24:37'),
(258, '', '2023-04-05 23:24:37', '2023-04-05 23:24:37'),
(259, '', '2023-04-05 23:24:37', '2023-04-05 23:24:37'),
(260, '', '2023-04-05 23:24:37', '2023-04-05 23:24:37'),
(261, '', '2023-04-05 23:24:37', '2023-04-05 23:24:37'),
(262, '', '2023-04-05 23:24:37', '2023-04-05 23:24:37'),
(263, '', '2023-04-05 23:25:25', '2023-04-05 23:25:25'),
(264, '', '2023-04-05 23:25:25', '2023-04-05 23:25:25'),
(265, '', '2023-04-05 23:25:25', '2023-04-05 23:25:25'),
(266, '', '2023-04-05 23:25:25', '2023-04-05 23:25:25'),
(267, '', '2023-04-05 23:25:25', '2023-04-05 23:25:25'),
(268, '', '2023-04-05 23:25:25', '2023-04-05 23:25:25'),
(269, '', '2023-04-05 23:25:25', '2023-04-05 23:25:25'),
(270, '', '2023-04-05 23:25:25', '2023-04-05 23:25:25'),
(271, '', '2023-04-05 23:25:25', '2023-04-05 23:25:25'),
(272, '', '2023-04-05 23:25:25', '2023-04-05 23:25:25'),
(273, '', '2023-04-05 23:25:25', '2023-04-05 23:25:25'),
(274, '', '2023-04-05 23:25:25', '2023-04-05 23:25:25'),
(275, '', '2023-04-05 23:25:25', '2023-04-05 23:25:25'),
(276, '', '2023-04-05 23:25:25', '2023-04-05 23:25:25'),
(277, '', '2023-04-05 23:25:25', '2023-04-05 23:25:25'),
(278, '', '2023-04-05 23:25:25', '2023-04-05 23:25:25'),
(279, '', '2023-04-05 23:25:25', '2023-04-05 23:25:25'),
(280, '', '2023-04-05 23:25:25', '2023-04-05 23:25:25'),
(281, '', '2023-04-05 23:25:25', '2023-04-05 23:25:25'),
(282, '', '2023-04-05 23:25:25', '2023-04-05 23:25:25'),
(283, '', '2023-04-05 23:25:25', '2023-04-05 23:25:25'),
(284, '', '2023-04-05 23:25:25', '2023-04-05 23:25:25'),
(285, '', '2023-04-05 23:25:25', '2023-04-05 23:25:25'),
(286, '', '2023-04-05 23:25:25', '2023-04-05 23:25:25'),
(287, '', '2023-04-05 23:25:25', '2023-04-05 23:25:25'),
(288, '', '2023-04-05 23:25:25', '2023-04-05 23:25:25'),
(289, '', '2023-04-05 23:25:26', '2023-04-05 23:25:26'),
(290, '', '2023-04-05 23:25:26', '2023-04-05 23:25:26'),
(291, '', '2023-04-05 23:25:26', '2023-04-05 23:25:26'),
(292, '', '2023-04-05 23:25:26', '2023-04-05 23:25:26'),
(293, '', '2023-04-05 23:25:26', '2023-04-05 23:25:26'),
(294, '', '2023-04-05 23:25:26', '2023-04-05 23:25:26'),
(295, '', '2023-04-05 23:25:26', '2023-04-05 23:25:26'),
(296, '', '2023-04-05 23:25:26', '2023-04-05 23:25:26'),
(297, '', '2023-04-05 23:25:26', '2023-04-05 23:25:26'),
(298, '', '2023-04-05 23:25:26', '2023-04-05 23:25:26'),
(299, '', '2023-04-05 23:25:26', '2023-04-05 23:25:26'),
(300, '', '2023-04-05 23:25:26', '2023-04-05 23:25:26'),
(301, '', '2023-04-05 23:25:26', '2023-04-05 23:25:26'),
(302, '', '2023-04-05 23:25:26', '2023-04-05 23:25:26'),
(303, '', '2023-04-05 23:25:26', '2023-04-05 23:25:26'),
(304, '', '2023-04-05 23:25:26', '2023-04-05 23:25:26'),
(305, '', '2023-04-05 23:25:26', '2023-04-05 23:25:26'),
(306, '', '2023-04-05 23:25:26', '2023-04-05 23:25:26'),
(307, '', '2023-04-05 23:25:26', '2023-04-05 23:25:26'),
(308, '', '2023-04-05 23:25:26', '2023-04-05 23:25:26'),
(309, '', '2023-04-05 23:25:26', '2023-04-05 23:25:26'),
(310, '', '2023-04-05 23:25:26', '2023-04-05 23:25:26'),
(311, '', '2023-04-05 23:25:26', '2023-04-05 23:25:26'),
(312, '', '2023-04-05 23:25:26', '2023-04-05 23:25:26'),
(313, '', '2023-04-05 23:25:26', '2023-04-05 23:25:26'),
(314, '', '2023-04-05 23:25:26', '2023-04-05 23:25:26'),
(315, '', '2023-04-05 23:25:26', '2023-04-05 23:25:26'),
(316, '', '2023-04-05 23:25:26', '2023-04-05 23:25:26'),
(317, '', '2023-04-05 23:25:26', '2023-04-05 23:25:26'),
(318, '', '2023-04-05 23:25:26', '2023-04-05 23:25:26'),
(319, '', '2023-04-05 23:25:26', '2023-04-05 23:25:26'),
(320, '', '2023-04-05 23:25:26', '2023-04-05 23:25:26'),
(321, '', '2023-04-05 23:25:26', '2023-04-05 23:25:26'),
(322, '', '2023-04-05 23:25:26', '2023-04-05 23:25:26'),
(323, '', '2023-04-05 23:25:26', '2023-04-05 23:25:26'),
(324, '', '2023-04-05 23:25:26', '2023-04-05 23:25:26'),
(325, '', '2023-04-05 23:25:26', '2023-04-05 23:25:26'),
(326, '', '2023-04-05 23:25:26', '2023-04-05 23:25:26'),
(327, '', '2023-04-05 23:25:26', '2023-04-05 23:25:26'),
(328, '', '2023-04-05 23:25:26', '2023-04-05 23:25:26'),
(329, '', '2023-04-05 23:25:26', '2023-04-05 23:25:26'),
(330, '', '2023-04-05 23:25:26', '2023-04-05 23:25:26'),
(331, '', '2023-04-05 23:25:26', '2023-04-05 23:25:26'),
(332, '', '2023-04-05 23:25:26', '2023-04-05 23:25:26'),
(333, '', '2023-04-05 23:25:26', '2023-04-05 23:25:26'),
(334, '', '2023-04-05 23:25:26', '2023-04-05 23:25:26'),
(335, '', '2023-04-05 23:25:26', '2023-04-05 23:25:26'),
(336, '', '2023-04-05 23:25:26', '2023-04-05 23:25:26'),
(337, '', '2023-04-05 23:25:26', '2023-04-05 23:25:26'),
(338, '', '2023-04-05 23:25:26', '2023-04-05 23:25:26'),
(339, '', '2023-04-05 23:25:26', '2023-04-05 23:25:26'),
(340, '', '2023-04-05 23:25:26', '2023-04-05 23:25:26'),
(341, '', '2023-04-05 23:25:26', '2023-04-05 23:25:26'),
(342, '', '2023-04-05 23:25:26', '2023-04-05 23:25:26'),
(343, '', '2023-04-05 23:25:26', '2023-04-05 23:25:26'),
(344, '', '2023-04-05 23:25:26', '2023-04-05 23:25:26'),
(345, '', '2023-04-05 23:25:26', '2023-04-05 23:25:26'),
(346, '', '2023-04-05 23:25:26', '2023-04-05 23:25:26'),
(347, '', '2023-04-05 23:25:26', '2023-04-05 23:25:26'),
(348, '', '2023-04-05 23:25:26', '2023-04-05 23:25:26'),
(349, '', '2023-04-05 23:25:26', '2023-04-05 23:25:26'),
(350, '', '2023-04-05 23:25:26', '2023-04-05 23:25:26'),
(351, '', '2023-04-05 23:25:26', '2023-04-05 23:25:26'),
(352, '', '2023-04-05 23:25:26', '2023-04-05 23:25:26'),
(353, '', '2023-04-05 23:25:26', '2023-04-05 23:25:26'),
(354, '', '2023-04-05 23:25:26', '2023-04-05 23:25:26'),
(355, '', '2023-04-05 23:25:26', '2023-04-05 23:25:26'),
(356, '', '2023-04-05 23:25:26', '2023-04-05 23:25:26'),
(357, '', '2023-04-05 23:25:26', '2023-04-05 23:25:26'),
(358, '', '2023-04-05 23:25:26', '2023-04-05 23:25:26'),
(359, '', '2023-04-05 23:25:26', '2023-04-05 23:25:26'),
(360, '', '2023-04-05 23:25:26', '2023-04-05 23:25:26'),
(361, '', '2023-04-05 23:25:26', '2023-04-05 23:25:26'),
(362, '', '2023-04-05 23:25:26', '2023-04-05 23:25:26'),
(363, '', '2023-04-05 23:25:26', '2023-04-05 23:25:26'),
(364, '', '2023-04-05 23:25:26', '2023-04-05 23:25:26'),
(365, '', '2023-04-05 23:25:26', '2023-04-05 23:25:26'),
(366, '', '2023-04-05 23:25:26', '2023-04-05 23:25:26'),
(367, '', '2023-04-05 23:25:26', '2023-04-05 23:25:26'),
(368, '', '2023-04-05 23:25:26', '2023-04-05 23:25:26'),
(369, '', '2023-04-05 23:25:26', '2023-04-05 23:25:26'),
(370, '', '2023-04-05 23:25:26', '2023-04-05 23:25:26'),
(371, '', '2023-04-05 23:25:26', '2023-04-05 23:25:26'),
(372, '', '2023-04-05 23:25:26', '2023-04-05 23:25:26'),
(373, '', '2023-04-05 23:25:26', '2023-04-05 23:25:26'),
(374, '', '2023-04-05 23:25:26', '2023-04-05 23:25:26'),
(375, '', '2023-04-05 23:25:26', '2023-04-05 23:25:26'),
(376, '', '2023-04-05 23:25:26', '2023-04-05 23:25:26'),
(377, '', '2023-04-05 23:25:26', '2023-04-05 23:25:26'),
(378, '', '2023-04-05 23:25:26', '2023-04-05 23:25:26'),
(379, '', '2023-04-05 23:25:26', '2023-04-05 23:25:26'),
(380, '', '2023-04-05 23:25:26', '2023-04-05 23:25:26'),
(381, '', '2023-04-05 23:25:26', '2023-04-05 23:25:26'),
(382, '', '2023-04-05 23:25:26', '2023-04-05 23:25:26'),
(383, '', '2023-04-05 23:25:26', '2023-04-05 23:25:26'),
(384, '', '2023-04-05 23:25:26', '2023-04-05 23:25:26'),
(385, '', '2023-04-05 23:25:26', '2023-04-05 23:25:26'),
(386, '', '2023-04-05 23:25:26', '2023-04-05 23:25:26'),
(387, '', '2023-04-05 23:25:26', '2023-04-05 23:25:26'),
(388, '', '2023-04-05 23:25:26', '2023-04-05 23:25:26'),
(389, '', '2023-04-05 23:25:26', '2023-04-05 23:25:26'),
(390, '', '2023-04-05 23:25:26', '2023-04-05 23:25:26'),
(391, '', '2023-04-05 23:25:26', '2023-04-05 23:25:26'),
(392, '', '2023-04-05 23:25:26', '2023-04-05 23:25:26'),
(393, '', '2023-04-05 23:25:26', '2023-04-05 23:25:26'),
(394, '', '2023-04-05 23:25:26', '2023-04-05 23:25:26'),
(395, '', '2023-04-05 23:25:26', '2023-04-05 23:25:26'),
(396, '', '2023-04-05 23:25:26', '2023-04-05 23:25:26'),
(397, '', '2023-04-05 23:25:26', '2023-04-05 23:25:26'),
(398, '', '2023-04-05 23:25:26', '2023-04-05 23:25:26'),
(399, '', '2023-04-05 23:25:26', '2023-04-05 23:25:26'),
(400, '', '2023-04-05 23:25:26', '2023-04-05 23:25:26'),
(401, '', '2023-04-05 23:25:26', '2023-04-05 23:25:26'),
(402, '', '2023-04-05 23:25:26', '2023-04-05 23:25:26'),
(403, '', '2023-04-05 23:25:26', '2023-04-05 23:25:26'),
(404, '', '2023-04-05 23:25:26', '2023-04-05 23:25:26'),
(405, '', '2023-04-05 23:25:26', '2023-04-05 23:25:26'),
(406, '', '2023-04-05 23:25:26', '2023-04-05 23:25:26'),
(407, '', '2023-04-05 23:25:26', '2023-04-05 23:25:26'),
(408, '', '2023-04-05 23:25:26', '2023-04-05 23:25:26'),
(409, '', '2023-04-05 23:25:26', '2023-04-05 23:25:26'),
(410, '', '2023-04-05 23:25:26', '2023-04-05 23:25:26'),
(411, '', '2023-04-05 23:25:26', '2023-04-05 23:25:26'),
(412, '', '2023-04-05 23:25:26', '2023-04-05 23:25:26'),
(413, '', '2023-04-05 23:25:26', '2023-04-05 23:25:26'),
(414, '', '2023-04-05 23:25:26', '2023-04-05 23:25:26'),
(415, '', '2023-04-05 23:25:26', '2023-04-05 23:25:26'),
(416, '', '2023-04-05 23:25:26', '2023-04-05 23:25:26'),
(417, '', '2023-04-05 23:25:26', '2023-04-05 23:25:26'),
(418, '', '2023-04-05 23:25:26', '2023-04-05 23:25:26'),
(419, '', '2023-04-05 23:25:26', '2023-04-05 23:25:26'),
(420, '', '2023-04-05 23:25:26', '2023-04-05 23:25:26'),
(421, '', '2023-04-05 23:25:26', '2023-04-05 23:25:26'),
(422, '', '2023-04-05 23:25:26', '2023-04-05 23:25:26'),
(423, '', '2023-04-05 23:25:26', '2023-04-05 23:25:26'),
(424, '', '2023-04-05 23:25:26', '2023-04-05 23:25:26'),
(425, '', '2023-04-05 23:25:26', '2023-04-05 23:25:26'),
(426, '', '2023-04-05 23:25:26', '2023-04-05 23:25:26'),
(427, '', '2023-04-05 23:25:26', '2023-04-05 23:25:26'),
(428, '', '2023-04-05 23:25:26', '2023-04-05 23:25:26'),
(429, '', '2023-04-05 23:25:26', '2023-04-05 23:25:26'),
(430, '', '2023-04-05 23:25:26', '2023-04-05 23:25:26'),
(431, '', '2023-04-05 23:25:26', '2023-04-05 23:25:26'),
(432, '', '2023-04-05 23:25:26', '2023-04-05 23:25:26'),
(433, '', '2023-04-05 23:25:26', '2023-04-05 23:25:26'),
(434, '', '2023-04-05 23:25:26', '2023-04-05 23:25:26'),
(435, '', '2023-04-05 23:25:26', '2023-04-05 23:25:26'),
(436, '', '2023-04-05 23:25:26', '2023-04-05 23:25:26'),
(437, '', '2023-04-05 23:25:26', '2023-04-05 23:25:26'),
(438, '', '2023-04-05 23:25:26', '2023-04-05 23:25:26'),
(439, '', '2023-04-05 23:25:26', '2023-04-05 23:25:26'),
(440, '', '2023-04-05 23:25:26', '2023-04-05 23:25:26'),
(441, '', '2023-04-05 23:25:26', '2023-04-05 23:25:26'),
(442, '', '2023-04-05 23:26:50', '2023-04-05 23:26:50'),
(443, '', '2023-04-05 23:26:50', '2023-04-05 23:26:50'),
(444, '', '2023-04-05 23:26:50', '2023-04-05 23:26:50'),
(445, '', '2023-04-05 23:26:50', '2023-04-05 23:26:50'),
(446, '', '2023-04-05 23:26:50', '2023-04-05 23:26:50'),
(447, '', '2023-04-05 23:26:50', '2023-04-05 23:26:50'),
(448, '', '2023-04-05 23:26:50', '2023-04-05 23:26:50'),
(449, '', '2023-04-05 23:26:50', '2023-04-05 23:26:50'),
(450, '', '2023-04-05 23:26:50', '2023-04-05 23:26:50'),
(451, '', '2023-04-05 23:26:50', '2023-04-05 23:26:50'),
(452, '', '2023-04-05 23:26:50', '2023-04-05 23:26:50'),
(453, '', '2023-04-05 23:26:50', '2023-04-05 23:26:50'),
(454, '', '2023-04-05 23:26:50', '2023-04-05 23:26:50'),
(455, '', '2023-04-05 23:26:50', '2023-04-05 23:26:50'),
(456, '', '2023-04-05 23:26:50', '2023-04-05 23:26:50'),
(457, '', '2023-04-05 23:26:50', '2023-04-05 23:26:50'),
(458, '', '2023-04-05 23:26:50', '2023-04-05 23:26:50'),
(459, '', '2023-04-05 23:26:50', '2023-04-05 23:26:50'),
(460, '', '2023-04-05 23:26:50', '2023-04-05 23:26:50'),
(461, '', '2023-04-05 23:26:50', '2023-04-05 23:26:50'),
(462, '', '2023-04-05 23:26:50', '2023-04-05 23:26:50'),
(463, '', '2023-04-05 23:26:50', '2023-04-05 23:26:50'),
(464, '', '2023-04-05 23:26:50', '2023-04-05 23:26:50'),
(465, '', '2023-04-05 23:26:50', '2023-04-05 23:26:50'),
(466, '', '2023-04-05 23:26:50', '2023-04-05 23:26:50'),
(467, '', '2023-04-05 23:26:50', '2023-04-05 23:26:50'),
(468, '', '2023-04-05 23:26:50', '2023-04-05 23:26:50'),
(469, '', '2023-04-05 23:26:50', '2023-04-05 23:26:50'),
(470, '', '2023-04-05 23:26:50', '2023-04-05 23:26:50'),
(471, '', '2023-04-05 23:26:50', '2023-04-05 23:26:50'),
(472, '', '2023-04-05 23:26:50', '2023-04-05 23:26:50'),
(473, '', '2023-04-05 23:26:50', '2023-04-05 23:26:50'),
(474, '', '2023-04-05 23:26:50', '2023-04-05 23:26:50'),
(475, '', '2023-04-05 23:26:50', '2023-04-05 23:26:50'),
(476, '', '2023-04-05 23:26:50', '2023-04-05 23:26:50'),
(477, '', '2023-04-05 23:26:50', '2023-04-05 23:26:50'),
(478, '', '2023-04-05 23:26:50', '2023-04-05 23:26:50'),
(479, '', '2023-04-05 23:26:50', '2023-04-05 23:26:50'),
(480, '', '2023-04-05 23:26:50', '2023-04-05 23:26:50'),
(481, '', '2023-04-05 23:26:50', '2023-04-05 23:26:50'),
(482, '', '2023-04-05 23:26:50', '2023-04-05 23:26:50'),
(483, '', '2023-04-05 23:26:50', '2023-04-05 23:26:50'),
(484, '', '2023-04-05 23:26:50', '2023-04-05 23:26:50'),
(485, '', '2023-04-05 23:26:50', '2023-04-05 23:26:50'),
(486, '', '2023-04-05 23:26:50', '2023-04-05 23:26:50'),
(487, '', '2023-04-05 23:26:50', '2023-04-05 23:26:50'),
(488, '', '2023-04-05 23:26:50', '2023-04-05 23:26:50'),
(489, '', '2023-04-05 23:26:50', '2023-04-05 23:26:50'),
(490, '', '2023-04-05 23:26:50', '2023-04-05 23:26:50'),
(491, '', '2023-04-05 23:26:50', '2023-04-05 23:26:50'),
(492, '', '2023-04-05 23:26:50', '2023-04-05 23:26:50'),
(493, '', '2023-04-05 23:26:50', '2023-04-05 23:26:50'),
(494, '', '2023-04-05 23:26:50', '2023-04-05 23:26:50'),
(495, '', '2023-04-05 23:26:50', '2023-04-05 23:26:50'),
(496, '', '2023-04-05 23:26:50', '2023-04-05 23:26:50'),
(497, '', '2023-04-05 23:26:50', '2023-04-05 23:26:50'),
(498, '', '2023-04-05 23:26:50', '2023-04-05 23:26:50'),
(499, '', '2023-04-05 23:26:50', '2023-04-05 23:26:50'),
(500, '', '2023-04-05 23:26:50', '2023-04-05 23:26:50'),
(501, '', '2023-04-05 23:26:50', '2023-04-05 23:26:50'),
(502, '', '2023-04-05 23:26:50', '2023-04-05 23:26:50'),
(503, '', '2023-04-05 23:26:50', '2023-04-05 23:26:50'),
(504, '', '2023-04-05 23:26:50', '2023-04-05 23:26:50'),
(505, '', '2023-04-05 23:26:50', '2023-04-05 23:26:50'),
(506, '', '2023-04-05 23:26:50', '2023-04-05 23:26:50'),
(507, '', '2023-04-05 23:26:50', '2023-04-05 23:26:50'),
(508, '', '2023-04-05 23:26:50', '2023-04-05 23:26:50'),
(509, '', '2023-04-05 23:26:50', '2023-04-05 23:26:50'),
(510, '', '2023-04-05 23:26:50', '2023-04-05 23:26:50'),
(511, '', '2023-04-05 23:26:50', '2023-04-05 23:26:50'),
(512, '', '2023-04-05 23:26:50', '2023-04-05 23:26:50'),
(513, '', '2023-04-05 23:26:50', '2023-04-05 23:26:50'),
(514, '', '2023-04-05 23:26:50', '2023-04-05 23:26:50'),
(515, '', '2023-04-05 23:26:50', '2023-04-05 23:26:50'),
(516, '', '2023-04-05 23:26:50', '2023-04-05 23:26:50'),
(517, '', '2023-04-05 23:26:50', '2023-04-05 23:26:50'),
(518, '', '2023-04-05 23:26:50', '2023-04-05 23:26:50'),
(519, '', '2023-04-05 23:26:50', '2023-04-05 23:26:50'),
(520, '', '2023-04-05 23:26:50', '2023-04-05 23:26:50'),
(521, '', '2023-04-05 23:26:50', '2023-04-05 23:26:50'),
(522, '', '2023-04-05 23:26:50', '2023-04-05 23:26:50'),
(523, '', '2023-04-05 23:26:50', '2023-04-05 23:26:50'),
(524, '', '2023-04-05 23:26:50', '2023-04-05 23:26:50'),
(525, '', '2023-04-05 23:26:50', '2023-04-05 23:26:50'),
(526, '', '2023-04-05 23:26:50', '2023-04-05 23:26:50'),
(527, '', '2023-04-05 23:26:50', '2023-04-05 23:26:50'),
(528, '', '2023-04-05 23:26:50', '2023-04-05 23:26:50'),
(529, '', '2023-04-05 23:26:50', '2023-04-05 23:26:50'),
(530, '', '2023-04-05 23:26:50', '2023-04-05 23:26:50'),
(531, '', '2023-04-05 23:26:50', '2023-04-05 23:26:50'),
(532, '', '2023-04-05 23:26:50', '2023-04-05 23:26:50'),
(533, '', '2023-04-05 23:26:50', '2023-04-05 23:26:50'),
(534, '', '2023-04-05 23:26:50', '2023-04-05 23:26:50'),
(535, '', '2023-04-05 23:26:50', '2023-04-05 23:26:50'),
(536, '', '2023-04-05 23:26:50', '2023-04-05 23:26:50'),
(537, '', '2023-04-05 23:26:50', '2023-04-05 23:26:50'),
(538, '', '2023-04-05 23:26:50', '2023-04-05 23:26:50'),
(539, '', '2023-04-05 23:26:50', '2023-04-05 23:26:50'),
(540, '', '2023-04-05 23:26:50', '2023-04-05 23:26:50'),
(541, '', '2023-04-05 23:26:50', '2023-04-05 23:26:50'),
(542, '', '2023-04-05 23:26:50', '2023-04-05 23:26:50'),
(543, '', '2023-04-05 23:26:50', '2023-04-05 23:26:50'),
(544, '', '2023-04-05 23:26:50', '2023-04-05 23:26:50'),
(545, '', '2023-04-05 23:26:50', '2023-04-05 23:26:50'),
(546, '', '2023-04-05 23:26:50', '2023-04-05 23:26:50'),
(547, '', '2023-04-05 23:26:50', '2023-04-05 23:26:50'),
(548, '', '2023-04-05 23:26:50', '2023-04-05 23:26:50'),
(549, '', '2023-04-05 23:26:50', '2023-04-05 23:26:50'),
(550, '', '2023-04-05 23:26:50', '2023-04-05 23:26:50'),
(551, '', '2023-04-05 23:26:50', '2023-04-05 23:26:50'),
(552, '', '2023-04-05 23:26:50', '2023-04-05 23:26:50'),
(553, '', '2023-04-05 23:26:50', '2023-04-05 23:26:50'),
(554, '', '2023-04-05 23:26:50', '2023-04-05 23:26:50'),
(555, '', '2023-04-05 23:26:50', '2023-04-05 23:26:50'),
(556, '', '2023-04-05 23:26:50', '2023-04-05 23:26:50'),
(557, '', '2023-04-05 23:26:50', '2023-04-05 23:26:50'),
(558, '', '2023-04-05 23:26:50', '2023-04-05 23:26:50'),
(559, '', '2023-04-05 23:26:50', '2023-04-05 23:26:50'),
(560, '', '2023-04-05 23:26:50', '2023-04-05 23:26:50'),
(561, '', '2023-04-05 23:26:50', '2023-04-05 23:26:50'),
(562, '', '2023-04-05 23:26:50', '2023-04-05 23:26:50'),
(563, '', '2023-04-05 23:26:50', '2023-04-05 23:26:50'),
(564, '', '2023-04-05 23:26:50', '2023-04-05 23:26:50'),
(565, '', '2023-04-05 23:26:50', '2023-04-05 23:26:50'),
(566, '', '2023-04-05 23:26:50', '2023-04-05 23:26:50'),
(567, '', '2023-04-05 23:26:50', '2023-04-05 23:26:50'),
(568, '', '2023-04-05 23:26:50', '2023-04-05 23:26:50'),
(569, '', '2023-04-05 23:26:50', '2023-04-05 23:26:50'),
(570, '', '2023-04-05 23:26:50', '2023-04-05 23:26:50'),
(571, '', '2023-04-05 23:26:50', '2023-04-05 23:26:50'),
(572, '', '2023-04-05 23:26:50', '2023-04-05 23:26:50'),
(573, '', '2023-04-05 23:26:50', '2023-04-05 23:26:50'),
(574, '', '2023-04-05 23:26:50', '2023-04-05 23:26:50'),
(575, '', '2023-04-05 23:26:50', '2023-04-05 23:26:50'),
(576, '', '2023-04-05 23:26:50', '2023-04-05 23:26:50'),
(577, '', '2023-04-05 23:26:50', '2023-04-05 23:26:50'),
(578, '', '2023-04-05 23:26:50', '2023-04-05 23:26:50'),
(579, '', '2023-04-05 23:26:50', '2023-04-05 23:26:50'),
(580, '', '2023-04-05 23:26:50', '2023-04-05 23:26:50'),
(581, '', '2023-04-05 23:26:50', '2023-04-05 23:26:50'),
(582, '', '2023-04-05 23:26:50', '2023-04-05 23:26:50'),
(583, '', '2023-04-05 23:26:50', '2023-04-05 23:26:50'),
(584, '', '2023-04-05 23:26:50', '2023-04-05 23:26:50'),
(585, '', '2023-04-05 23:26:50', '2023-04-05 23:26:50'),
(586, '', '2023-04-05 23:26:50', '2023-04-05 23:26:50'),
(587, '', '2023-04-05 23:26:50', '2023-04-05 23:26:50'),
(588, '', '2023-04-05 23:26:50', '2023-04-05 23:26:50'),
(589, '', '2023-04-05 23:26:50', '2023-04-05 23:26:50'),
(590, '', '2023-04-05 23:26:50', '2023-04-05 23:26:50'),
(591, '', '2023-04-05 23:26:50', '2023-04-05 23:26:50'),
(592, '', '2023-04-05 23:26:50', '2023-04-05 23:26:50'),
(593, '', '2023-04-05 23:26:50', '2023-04-05 23:26:50'),
(594, '', '2023-04-05 23:26:50', '2023-04-05 23:26:50'),
(595, '', '2023-04-05 23:26:50', '2023-04-05 23:26:50'),
(596, '', '2023-04-05 23:26:50', '2023-04-05 23:26:50'),
(597, '', '2023-04-05 23:26:50', '2023-04-05 23:26:50'),
(598, '', '2023-04-05 23:26:50', '2023-04-05 23:26:50'),
(599, '', '2023-04-05 23:26:50', '2023-04-05 23:26:50'),
(600, '', '2023-04-05 23:26:50', '2023-04-05 23:26:50'),
(601, '', '2023-04-05 23:26:50', '2023-04-05 23:26:50'),
(602, '', '2023-04-05 23:26:50', '2023-04-05 23:26:50'),
(603, '', '2023-04-05 23:26:50', '2023-04-05 23:26:50'),
(604, '', '2023-04-05 23:26:50', '2023-04-05 23:26:50'),
(605, '', '2023-04-05 23:26:50', '2023-04-05 23:26:50'),
(606, '', '2023-04-05 23:26:50', '2023-04-05 23:26:50'),
(607, '', '2023-04-05 23:26:50', '2023-04-05 23:26:50'),
(608, '', '2023-04-05 23:26:50', '2023-04-05 23:26:50'),
(609, '', '2023-04-05 23:26:50', '2023-04-05 23:26:50'),
(610, '', '2023-04-05 23:26:50', '2023-04-05 23:26:50'),
(611, '', '2023-04-05 23:26:50', '2023-04-05 23:26:50'),
(612, '', '2023-04-05 23:26:50', '2023-04-05 23:26:50'),
(613, '', '2023-04-05 23:26:50', '2023-04-05 23:26:50'),
(614, '', '2023-04-05 23:26:50', '2023-04-05 23:26:50'),
(615, '', '2023-04-05 23:26:50', '2023-04-05 23:26:50'),
(616, '', '2023-04-05 23:26:50', '2023-04-05 23:26:50'),
(617, '', '2023-04-05 23:26:50', '2023-04-05 23:26:50'),
(618, '', '2023-04-05 23:26:50', '2023-04-05 23:26:50'),
(619, '', '2023-04-05 23:26:50', '2023-04-05 23:26:50'),
(620, '', '2023-04-05 23:26:50', '2023-04-05 23:26:50'),
(621, '', '2023-04-05 23:33:33', '2023-04-05 23:33:33'),
(622, '', '2023-04-05 23:33:33', '2023-04-05 23:33:33'),
(623, '', '2023-04-05 23:33:33', '2023-04-05 23:33:33'),
(624, '', '2023-04-05 23:33:33', '2023-04-05 23:33:33'),
(625, '', '2023-04-05 23:33:33', '2023-04-05 23:33:33'),
(626, '', '2023-04-05 23:33:33', '2023-04-05 23:33:33'),
(627, '', '2023-04-05 23:33:33', '2023-04-05 23:33:33'),
(628, '', '2023-04-05 23:33:33', '2023-04-05 23:33:33'),
(629, '', '2023-04-05 23:33:33', '2023-04-05 23:33:33'),
(630, '', '2023-04-05 23:33:33', '2023-04-05 23:33:33'),
(631, '', '2023-04-05 23:33:33', '2023-04-05 23:33:33'),
(632, '', '2023-04-05 23:33:33', '2023-04-05 23:33:33'),
(633, '', '2023-04-05 23:33:33', '2023-04-05 23:33:33'),
(634, '', '2023-04-05 23:33:33', '2023-04-05 23:33:33'),
(635, '', '2023-04-05 23:33:33', '2023-04-05 23:33:33'),
(636, '', '2023-04-05 23:33:33', '2023-04-05 23:33:33'),
(637, '', '2023-04-05 23:33:33', '2023-04-05 23:33:33'),
(638, '', '2023-04-05 23:33:33', '2023-04-05 23:33:33'),
(639, '', '2023-04-05 23:33:33', '2023-04-05 23:33:33'),
(640, '', '2023-04-05 23:33:33', '2023-04-05 23:33:33'),
(641, '', '2023-04-05 23:33:33', '2023-04-05 23:33:33'),
(642, '', '2023-04-05 23:33:33', '2023-04-05 23:33:33'),
(643, '', '2023-04-05 23:33:33', '2023-04-05 23:33:33'),
(644, '', '2023-04-05 23:33:33', '2023-04-05 23:33:33'),
(645, '', '2023-04-05 23:33:33', '2023-04-05 23:33:33'),
(646, '', '2023-04-05 23:33:33', '2023-04-05 23:33:33'),
(647, '', '2023-04-05 23:33:33', '2023-04-05 23:33:33'),
(648, '', '2023-04-05 23:33:33', '2023-04-05 23:33:33'),
(649, '', '2023-04-05 23:33:33', '2023-04-05 23:33:33'),
(650, '', '2023-04-05 23:33:33', '2023-04-05 23:33:33'),
(651, '', '2023-04-05 23:33:33', '2023-04-05 23:33:33'),
(652, '', '2023-04-05 23:33:33', '2023-04-05 23:33:33'),
(653, '', '2023-04-05 23:33:33', '2023-04-05 23:33:33'),
(654, '', '2023-04-05 23:33:33', '2023-04-05 23:33:33'),
(655, '', '2023-04-05 23:33:33', '2023-04-05 23:33:33'),
(656, '', '2023-04-05 23:33:33', '2023-04-05 23:33:33'),
(657, '', '2023-04-05 23:33:33', '2023-04-05 23:33:33'),
(658, '', '2023-04-05 23:33:33', '2023-04-05 23:33:33'),
(659, '', '2023-04-05 23:33:33', '2023-04-05 23:33:33'),
(660, '', '2023-04-05 23:33:33', '2023-04-05 23:33:33'),
(661, '', '2023-04-05 23:33:33', '2023-04-05 23:33:33'),
(662, '', '2023-04-05 23:33:33', '2023-04-05 23:33:33'),
(663, '', '2023-04-05 23:33:33', '2023-04-05 23:33:33'),
(664, '', '2023-04-05 23:33:33', '2023-04-05 23:33:33'),
(665, '', '2023-04-05 23:33:33', '2023-04-05 23:33:33'),
(666, '', '2023-04-05 23:33:33', '2023-04-05 23:33:33'),
(667, '', '2023-04-05 23:33:33', '2023-04-05 23:33:33'),
(668, '', '2023-04-05 23:33:33', '2023-04-05 23:33:33'),
(669, '', '2023-04-05 23:33:33', '2023-04-05 23:33:33'),
(670, '', '2023-04-05 23:33:33', '2023-04-05 23:33:33'),
(671, '', '2023-04-05 23:33:33', '2023-04-05 23:33:33'),
(672, '', '2023-04-05 23:33:33', '2023-04-05 23:33:33'),
(673, '', '2023-04-05 23:33:33', '2023-04-05 23:33:33'),
(674, '', '2023-04-05 23:33:33', '2023-04-05 23:33:33'),
(675, '', '2023-04-05 23:33:33', '2023-04-05 23:33:33'),
(676, '', '2023-04-05 23:33:33', '2023-04-05 23:33:33'),
(677, '', '2023-04-05 23:33:33', '2023-04-05 23:33:33'),
(678, '', '2023-04-05 23:33:33', '2023-04-05 23:33:33'),
(679, '', '2023-04-05 23:33:33', '2023-04-05 23:33:33'),
(680, '', '2023-04-05 23:33:33', '2023-04-05 23:33:33'),
(681, '', '2023-04-05 23:33:33', '2023-04-05 23:33:33'),
(682, '', '2023-04-05 23:33:33', '2023-04-05 23:33:33'),
(683, '', '2023-04-05 23:33:33', '2023-04-05 23:33:33'),
(684, '', '2023-04-05 23:33:33', '2023-04-05 23:33:33'),
(685, '', '2023-04-05 23:33:33', '2023-04-05 23:33:33'),
(686, '', '2023-04-05 23:33:33', '2023-04-05 23:33:33'),
(687, '', '2023-04-05 23:33:33', '2023-04-05 23:33:33'),
(688, '', '2023-04-05 23:33:33', '2023-04-05 23:33:33'),
(689, '', '2023-04-05 23:33:33', '2023-04-05 23:33:33'),
(690, '', '2023-04-05 23:33:33', '2023-04-05 23:33:33'),
(691, '', '2023-04-05 23:33:33', '2023-04-05 23:33:33'),
(692, '', '2023-04-05 23:33:33', '2023-04-05 23:33:33'),
(693, '', '2023-04-05 23:33:33', '2023-04-05 23:33:33'),
(694, '', '2023-04-05 23:33:33', '2023-04-05 23:33:33'),
(695, '', '2023-04-05 23:33:33', '2023-04-05 23:33:33'),
(696, '', '2023-04-05 23:33:33', '2023-04-05 23:33:33'),
(697, '', '2023-04-05 23:33:33', '2023-04-05 23:33:33'),
(698, '', '2023-04-05 23:33:33', '2023-04-05 23:33:33'),
(699, '', '2023-04-05 23:33:33', '2023-04-05 23:33:33'),
(700, '', '2023-04-05 23:33:33', '2023-04-05 23:33:33'),
(701, '', '2023-04-05 23:33:33', '2023-04-05 23:33:33'),
(702, '', '2023-04-05 23:33:33', '2023-04-05 23:33:33'),
(703, '', '2023-04-05 23:33:33', '2023-04-05 23:33:33'),
(704, '', '2023-04-05 23:33:33', '2023-04-05 23:33:33'),
(705, '', '2023-04-05 23:33:33', '2023-04-05 23:33:33'),
(706, '', '2023-04-05 23:33:33', '2023-04-05 23:33:33'),
(707, '', '2023-04-05 23:33:33', '2023-04-05 23:33:33'),
(708, '', '2023-04-05 23:33:33', '2023-04-05 23:33:33'),
(709, '', '2023-04-05 23:33:33', '2023-04-05 23:33:33'),
(710, '', '2023-04-05 23:33:33', '2023-04-05 23:33:33'),
(711, '', '2023-04-05 23:33:33', '2023-04-05 23:33:33'),
(712, '', '2023-04-05 23:33:33', '2023-04-05 23:33:33'),
(713, '', '2023-04-05 23:33:33', '2023-04-05 23:33:33'),
(714, '', '2023-04-05 23:33:33', '2023-04-05 23:33:33'),
(715, '', '2023-04-05 23:33:33', '2023-04-05 23:33:33'),
(716, '', '2023-04-05 23:33:33', '2023-04-05 23:33:33'),
(717, '', '2023-04-05 23:33:33', '2023-04-05 23:33:33'),
(718, '', '2023-04-05 23:33:33', '2023-04-05 23:33:33'),
(719, '', '2023-04-05 23:33:33', '2023-04-05 23:33:33'),
(720, '', '2023-04-05 23:33:33', '2023-04-05 23:33:33'),
(721, '', '2023-04-05 23:33:33', '2023-04-05 23:33:33'),
(722, '', '2023-04-05 23:33:33', '2023-04-05 23:33:33'),
(723, '', '2023-04-05 23:33:33', '2023-04-05 23:33:33'),
(724, '', '2023-04-05 23:33:33', '2023-04-05 23:33:33'),
(725, '', '2023-04-05 23:33:33', '2023-04-05 23:33:33'),
(726, '', '2023-04-05 23:33:33', '2023-04-05 23:33:33'),
(727, '', '2023-04-05 23:33:33', '2023-04-05 23:33:33'),
(728, '', '2023-04-05 23:33:33', '2023-04-05 23:33:33'),
(729, '', '2023-04-05 23:33:33', '2023-04-05 23:33:33'),
(730, '', '2023-04-05 23:33:33', '2023-04-05 23:33:33'),
(731, '', '2023-04-05 23:33:33', '2023-04-05 23:33:33'),
(732, '', '2023-04-05 23:33:33', '2023-04-05 23:33:33'),
(733, '', '2023-04-05 23:33:33', '2023-04-05 23:33:33'),
(734, '', '2023-04-05 23:33:33', '2023-04-05 23:33:33'),
(735, '', '2023-04-05 23:33:33', '2023-04-05 23:33:33'),
(736, '', '2023-04-05 23:33:33', '2023-04-05 23:33:33'),
(737, '', '2023-04-05 23:33:33', '2023-04-05 23:33:33'),
(738, '', '2023-04-05 23:33:33', '2023-04-05 23:33:33'),
(739, '', '2023-04-05 23:33:33', '2023-04-05 23:33:33'),
(740, '', '2023-04-05 23:33:33', '2023-04-05 23:33:33'),
(741, '', '2023-04-05 23:33:33', '2023-04-05 23:33:33'),
(742, '', '2023-04-05 23:33:33', '2023-04-05 23:33:33'),
(743, '', '2023-04-05 23:33:33', '2023-04-05 23:33:33'),
(744, '', '2023-04-05 23:33:33', '2023-04-05 23:33:33'),
(745, '', '2023-04-05 23:33:33', '2023-04-05 23:33:33'),
(746, '', '2023-04-05 23:33:33', '2023-04-05 23:33:33'),
(747, '', '2023-04-05 23:33:33', '2023-04-05 23:33:33'),
(748, '', '2023-04-05 23:33:33', '2023-04-05 23:33:33'),
(749, '', '2023-04-05 23:33:33', '2023-04-05 23:33:33'),
(750, '', '2023-04-05 23:33:33', '2023-04-05 23:33:33'),
(751, '', '2023-04-05 23:33:33', '2023-04-05 23:33:33'),
(752, '', '2023-04-05 23:33:33', '2023-04-05 23:33:33'),
(753, '', '2023-04-05 23:33:33', '2023-04-05 23:33:33'),
(754, '', '2023-04-05 23:33:33', '2023-04-05 23:33:33'),
(755, '', '2023-04-05 23:33:33', '2023-04-05 23:33:33'),
(756, '', '2023-04-05 23:33:33', '2023-04-05 23:33:33'),
(757, '', '2023-04-05 23:33:33', '2023-04-05 23:33:33'),
(758, '', '2023-04-05 23:33:33', '2023-04-05 23:33:33'),
(759, '', '2023-04-05 23:33:33', '2023-04-05 23:33:33'),
(760, '', '2023-04-05 23:33:33', '2023-04-05 23:33:33'),
(761, '', '2023-04-05 23:33:33', '2023-04-05 23:33:33'),
(762, '', '2023-04-05 23:33:33', '2023-04-05 23:33:33'),
(763, '', '2023-04-05 23:33:33', '2023-04-05 23:33:33'),
(764, '', '2023-04-05 23:33:33', '2023-04-05 23:33:33'),
(765, '', '2023-04-05 23:33:33', '2023-04-05 23:33:33'),
(766, '', '2023-04-05 23:33:33', '2023-04-05 23:33:33'),
(767, '', '2023-04-05 23:33:33', '2023-04-05 23:33:33'),
(768, '', '2023-04-05 23:33:33', '2023-04-05 23:33:33'),
(769, '', '2023-04-05 23:33:33', '2023-04-05 23:33:33'),
(770, '', '2023-04-05 23:33:33', '2023-04-05 23:33:33'),
(771, '', '2023-04-05 23:33:33', '2023-04-05 23:33:33'),
(772, '', '2023-04-05 23:33:33', '2023-04-05 23:33:33'),
(773, '', '2023-04-05 23:33:33', '2023-04-05 23:33:33'),
(774, '', '2023-04-05 23:33:33', '2023-04-05 23:33:33'),
(775, '', '2023-04-05 23:33:33', '2023-04-05 23:33:33'),
(776, '', '2023-04-05 23:33:33', '2023-04-05 23:33:33'),
(777, '', '2023-04-05 23:33:33', '2023-04-05 23:33:33'),
(778, '', '2023-04-05 23:33:33', '2023-04-05 23:33:33'),
(779, '', '2023-04-05 23:33:33', '2023-04-05 23:33:33'),
(780, '', '2023-04-05 23:33:33', '2023-04-05 23:33:33'),
(781, '', '2023-04-05 23:33:33', '2023-04-05 23:33:33'),
(782, '', '2023-04-05 23:33:33', '2023-04-05 23:33:33'),
(783, '', '2023-04-05 23:33:33', '2023-04-05 23:33:33'),
(784, '', '2023-04-05 23:33:33', '2023-04-05 23:33:33'),
(785, '', '2023-04-05 23:33:33', '2023-04-05 23:33:33'),
(786, '', '2023-04-05 23:33:33', '2023-04-05 23:33:33'),
(787, '', '2023-04-05 23:33:33', '2023-04-05 23:33:33'),
(788, '', '2023-04-05 23:33:33', '2023-04-05 23:33:33'),
(789, '', '2023-04-05 23:33:33', '2023-04-05 23:33:33'),
(790, '', '2023-04-05 23:33:33', '2023-04-05 23:33:33'),
(791, '', '2023-04-05 23:33:33', '2023-04-05 23:33:33'),
(792, '', '2023-04-05 23:33:33', '2023-04-05 23:33:33'),
(793, '', '2023-04-05 23:33:33', '2023-04-05 23:33:33'),
(794, '', '2023-04-05 23:33:33', '2023-04-05 23:33:33'),
(795, '', '2023-04-05 23:33:33', '2023-04-05 23:33:33'),
(796, '', '2023-04-05 23:33:33', '2023-04-05 23:33:33'),
(797, '', '2023-04-05 23:33:33', '2023-04-05 23:33:33'),
(798, '', '2023-04-05 23:33:33', '2023-04-05 23:33:33'),
(799, '', '2023-04-05 23:33:33', '2023-04-05 23:33:33'),
(800, '', '2023-04-05 23:34:16', '2023-04-05 23:34:16'),
(801, '', '2023-04-05 23:34:16', '2023-04-05 23:34:16'),
(802, '', '2023-04-05 23:34:16', '2023-04-05 23:34:16'),
(803, '', '2023-04-05 23:34:16', '2023-04-05 23:34:16'),
(804, '', '2023-04-05 23:34:16', '2023-04-05 23:34:16'),
(805, '', '2023-04-05 23:34:16', '2023-04-05 23:34:16'),
(806, '', '2023-04-05 23:34:16', '2023-04-05 23:34:16'),
(807, '', '2023-04-05 23:34:16', '2023-04-05 23:34:16'),
(808, '', '2023-04-05 23:34:16', '2023-04-05 23:34:16'),
(809, '', '2023-04-05 23:34:16', '2023-04-05 23:34:16'),
(810, '', '2023-04-05 23:34:16', '2023-04-05 23:34:16'),
(811, '', '2023-04-05 23:34:16', '2023-04-05 23:34:16'),
(812, '', '2023-04-05 23:34:16', '2023-04-05 23:34:16'),
(813, '', '2023-04-05 23:34:16', '2023-04-05 23:34:16'),
(814, '', '2023-04-05 23:34:16', '2023-04-05 23:34:16'),
(815, '', '2023-04-05 23:34:16', '2023-04-05 23:34:16'),
(816, '', '2023-04-05 23:34:16', '2023-04-05 23:34:16'),
(817, '', '2023-04-05 23:34:16', '2023-04-05 23:34:16'),
(818, '', '2023-04-05 23:34:16', '2023-04-05 23:34:16'),
(819, '', '2023-04-05 23:34:16', '2023-04-05 23:34:16'),
(820, '', '2023-04-05 23:34:16', '2023-04-05 23:34:16'),
(821, '', '2023-04-05 23:34:16', '2023-04-05 23:34:16'),
(822, '', '2023-04-05 23:34:16', '2023-04-05 23:34:16'),
(823, '', '2023-04-05 23:34:16', '2023-04-05 23:34:16'),
(824, '', '2023-04-05 23:34:16', '2023-04-05 23:34:16'),
(825, '', '2023-04-05 23:34:16', '2023-04-05 23:34:16'),
(826, '', '2023-04-05 23:34:16', '2023-04-05 23:34:16'),
(827, '', '2023-04-05 23:34:16', '2023-04-05 23:34:16'),
(828, '', '2023-04-05 23:34:16', '2023-04-05 23:34:16'),
(829, '', '2023-04-05 23:34:16', '2023-04-05 23:34:16'),
(830, '', '2023-04-05 23:34:16', '2023-04-05 23:34:16'),
(831, '', '2023-04-05 23:34:16', '2023-04-05 23:34:16'),
(832, '', '2023-04-05 23:34:16', '2023-04-05 23:34:16'),
(833, '', '2023-04-05 23:34:16', '2023-04-05 23:34:16'),
(834, '', '2023-04-05 23:34:16', '2023-04-05 23:34:16'),
(835, '', '2023-04-05 23:34:16', '2023-04-05 23:34:16'),
(836, '', '2023-04-05 23:34:16', '2023-04-05 23:34:16'),
(837, '', '2023-04-05 23:34:16', '2023-04-05 23:34:16'),
(838, '', '2023-04-05 23:34:16', '2023-04-05 23:34:16'),
(839, '', '2023-04-05 23:34:16', '2023-04-05 23:34:16'),
(840, '', '2023-04-05 23:34:16', '2023-04-05 23:34:16'),
(841, '', '2023-04-05 23:34:16', '2023-04-05 23:34:16'),
(842, '', '2023-04-05 23:34:16', '2023-04-05 23:34:16'),
(843, '', '2023-04-05 23:34:16', '2023-04-05 23:34:16'),
(844, '', '2023-04-05 23:34:16', '2023-04-05 23:34:16'),
(845, '', '2023-04-05 23:34:16', '2023-04-05 23:34:16'),
(846, '', '2023-04-05 23:34:16', '2023-04-05 23:34:16'),
(847, '', '2023-04-05 23:34:16', '2023-04-05 23:34:16'),
(848, '', '2023-04-05 23:34:16', '2023-04-05 23:34:16'),
(849, '', '2023-04-05 23:34:16', '2023-04-05 23:34:16'),
(850, '', '2023-04-05 23:34:16', '2023-04-05 23:34:16'),
(851, '', '2023-04-05 23:34:16', '2023-04-05 23:34:16'),
(852, '', '2023-04-05 23:34:16', '2023-04-05 23:34:16'),
(853, '', '2023-04-05 23:34:16', '2023-04-05 23:34:16'),
(854, '', '2023-04-05 23:34:16', '2023-04-05 23:34:16'),
(855, '', '2023-04-05 23:34:16', '2023-04-05 23:34:16'),
(856, '', '2023-04-05 23:34:16', '2023-04-05 23:34:16'),
(857, '', '2023-04-05 23:34:16', '2023-04-05 23:34:16'),
(858, '', '2023-04-05 23:34:16', '2023-04-05 23:34:16'),
(859, '', '2023-04-05 23:34:16', '2023-04-05 23:34:16'),
(860, '', '2023-04-05 23:34:16', '2023-04-05 23:34:16'),
(861, '', '2023-04-05 23:34:16', '2023-04-05 23:34:16'),
(862, '', '2023-04-05 23:34:16', '2023-04-05 23:34:16'),
(863, '', '2023-04-05 23:34:16', '2023-04-05 23:34:16'),
(864, '', '2023-04-05 23:34:16', '2023-04-05 23:34:16'),
(865, '', '2023-04-05 23:34:16', '2023-04-05 23:34:16'),
(866, '', '2023-04-05 23:34:16', '2023-04-05 23:34:16'),
(867, '', '2023-04-05 23:34:16', '2023-04-05 23:34:16'),
(868, '', '2023-04-05 23:34:16', '2023-04-05 23:34:16'),
(869, '', '2023-04-05 23:34:16', '2023-04-05 23:34:16'),
(870, '', '2023-04-05 23:34:16', '2023-04-05 23:34:16'),
(871, '', '2023-04-05 23:34:16', '2023-04-05 23:34:16'),
(872, '', '2023-04-05 23:34:16', '2023-04-05 23:34:16'),
(873, '', '2023-04-05 23:34:16', '2023-04-05 23:34:16'),
(874, '', '2023-04-05 23:34:16', '2023-04-05 23:34:16'),
(875, '', '2023-04-05 23:34:16', '2023-04-05 23:34:16'),
(876, '', '2023-04-05 23:34:16', '2023-04-05 23:34:16'),
(877, '', '2023-04-05 23:34:16', '2023-04-05 23:34:16'),
(878, '', '2023-04-05 23:34:16', '2023-04-05 23:34:16'),
(879, '', '2023-04-05 23:34:16', '2023-04-05 23:34:16'),
(880, '', '2023-04-05 23:34:16', '2023-04-05 23:34:16'),
(881, '', '2023-04-05 23:34:16', '2023-04-05 23:34:16'),
(882, '', '2023-04-05 23:34:16', '2023-04-05 23:34:16'),
(883, '', '2023-04-05 23:34:16', '2023-04-05 23:34:16'),
(884, '', '2023-04-05 23:34:16', '2023-04-05 23:34:16'),
(885, '', '2023-04-05 23:34:16', '2023-04-05 23:34:16'),
(886, '', '2023-04-05 23:34:16', '2023-04-05 23:34:16'),
(887, '', '2023-04-05 23:34:16', '2023-04-05 23:34:16'),
(888, '', '2023-04-05 23:34:16', '2023-04-05 23:34:16'),
(889, '', '2023-04-05 23:34:16', '2023-04-05 23:34:16'),
(890, '', '2023-04-05 23:34:16', '2023-04-05 23:34:16'),
(891, '', '2023-04-05 23:34:16', '2023-04-05 23:34:16'),
(892, '', '2023-04-05 23:34:16', '2023-04-05 23:34:16'),
(893, '', '2023-04-05 23:34:16', '2023-04-05 23:34:16'),
(894, '', '2023-04-05 23:34:16', '2023-04-05 23:34:16'),
(895, '', '2023-04-05 23:34:16', '2023-04-05 23:34:16'),
(896, '', '2023-04-05 23:34:16', '2023-04-05 23:34:16'),
(897, '', '2023-04-05 23:34:16', '2023-04-05 23:34:16'),
(898, '', '2023-04-05 23:34:16', '2023-04-05 23:34:16'),
(899, '', '2023-04-05 23:34:16', '2023-04-05 23:34:16'),
(900, '', '2023-04-05 23:34:16', '2023-04-05 23:34:16'),
(901, '', '2023-04-05 23:34:16', '2023-04-05 23:34:16'),
(902, '', '2023-04-05 23:34:16', '2023-04-05 23:34:16'),
(903, '', '2023-04-05 23:34:16', '2023-04-05 23:34:16'),
(904, '', '2023-04-05 23:34:16', '2023-04-05 23:34:16'),
(905, '', '2023-04-05 23:34:16', '2023-04-05 23:34:16'),
(906, '', '2023-04-05 23:34:16', '2023-04-05 23:34:16');
INSERT INTO `values` (`id`, `value`, `created_at`, `updated_at`) VALUES
(907, '', '2023-04-05 23:34:16', '2023-04-05 23:34:16'),
(908, '', '2023-04-05 23:34:16', '2023-04-05 23:34:16'),
(909, '', '2023-04-05 23:34:16', '2023-04-05 23:34:16'),
(910, '', '2023-04-05 23:34:16', '2023-04-05 23:34:16'),
(911, '', '2023-04-05 23:34:16', '2023-04-05 23:34:16'),
(912, '', '2023-04-05 23:34:16', '2023-04-05 23:34:16'),
(913, '', '2023-04-05 23:34:16', '2023-04-05 23:34:16'),
(914, '', '2023-04-05 23:34:16', '2023-04-05 23:34:16'),
(915, '', '2023-04-05 23:34:16', '2023-04-05 23:34:16'),
(916, '', '2023-04-05 23:34:16', '2023-04-05 23:34:16'),
(917, '', '2023-04-05 23:34:16', '2023-04-05 23:34:16'),
(918, '', '2023-04-05 23:34:16', '2023-04-05 23:34:16'),
(919, '', '2023-04-05 23:34:16', '2023-04-05 23:34:16'),
(920, '', '2023-04-05 23:34:16', '2023-04-05 23:34:16'),
(921, '', '2023-04-05 23:34:16', '2023-04-05 23:34:16'),
(922, '', '2023-04-05 23:34:16', '2023-04-05 23:34:16'),
(923, '', '2023-04-05 23:34:16', '2023-04-05 23:34:16'),
(924, '', '2023-04-05 23:34:16', '2023-04-05 23:34:16'),
(925, '', '2023-04-05 23:34:16', '2023-04-05 23:34:16'),
(926, '', '2023-04-05 23:34:16', '2023-04-05 23:34:16'),
(927, '', '2023-04-05 23:34:16', '2023-04-05 23:34:16'),
(928, '', '2023-04-05 23:34:16', '2023-04-05 23:34:16'),
(929, '', '2023-04-05 23:34:16', '2023-04-05 23:34:16'),
(930, '', '2023-04-05 23:34:16', '2023-04-05 23:34:16'),
(931, '', '2023-04-05 23:34:16', '2023-04-05 23:34:16'),
(932, '', '2023-04-05 23:34:16', '2023-04-05 23:34:16'),
(933, '', '2023-04-05 23:34:16', '2023-04-05 23:34:16'),
(934, '', '2023-04-05 23:34:16', '2023-04-05 23:34:16'),
(935, '', '2023-04-05 23:34:16', '2023-04-05 23:34:16'),
(936, '', '2023-04-05 23:34:16', '2023-04-05 23:34:16'),
(937, '', '2023-04-05 23:34:16', '2023-04-05 23:34:16'),
(938, '', '2023-04-05 23:34:16', '2023-04-05 23:34:16'),
(939, '', '2023-04-05 23:34:17', '2023-04-05 23:34:17'),
(940, '', '2023-04-05 23:34:17', '2023-04-05 23:34:17'),
(941, '', '2023-04-05 23:34:17', '2023-04-05 23:34:17'),
(942, '', '2023-04-05 23:34:17', '2023-04-05 23:34:17'),
(943, '', '2023-04-05 23:34:17', '2023-04-05 23:34:17'),
(944, '', '2023-04-05 23:34:17', '2023-04-05 23:34:17'),
(945, '', '2023-04-05 23:34:17', '2023-04-05 23:34:17'),
(946, '', '2023-04-05 23:34:17', '2023-04-05 23:34:17'),
(947, '', '2023-04-05 23:34:17', '2023-04-05 23:34:17'),
(948, '', '2023-04-05 23:34:17', '2023-04-05 23:34:17'),
(949, '', '2023-04-05 23:34:17', '2023-04-05 23:34:17'),
(950, '', '2023-04-05 23:34:17', '2023-04-05 23:34:17'),
(951, '', '2023-04-05 23:34:17', '2023-04-05 23:34:17'),
(952, '', '2023-04-05 23:34:17', '2023-04-05 23:34:17'),
(953, '', '2023-04-05 23:34:17', '2023-04-05 23:34:17'),
(954, '', '2023-04-05 23:34:17', '2023-04-05 23:34:17'),
(955, '', '2023-04-05 23:34:17', '2023-04-05 23:34:17'),
(956, '', '2023-04-05 23:34:17', '2023-04-05 23:34:17'),
(957, '', '2023-04-05 23:34:17', '2023-04-05 23:34:17'),
(958, '', '2023-04-05 23:34:17', '2023-04-05 23:34:17'),
(959, '', '2023-04-05 23:34:17', '2023-04-05 23:34:17'),
(960, '', '2023-04-05 23:34:17', '2023-04-05 23:34:17'),
(961, '', '2023-04-05 23:34:17', '2023-04-05 23:34:17'),
(962, '', '2023-04-05 23:34:17', '2023-04-05 23:34:17'),
(963, '', '2023-04-05 23:34:17', '2023-04-05 23:34:17'),
(964, '', '2023-04-05 23:34:17', '2023-04-05 23:34:17'),
(965, '', '2023-04-05 23:34:17', '2023-04-05 23:34:17'),
(966, '', '2023-04-05 23:34:17', '2023-04-05 23:34:17'),
(967, '', '2023-04-05 23:34:17', '2023-04-05 23:34:17'),
(968, '', '2023-04-05 23:34:17', '2023-04-05 23:34:17'),
(969, '', '2023-04-05 23:34:17', '2023-04-05 23:34:17'),
(970, '', '2023-04-05 23:34:17', '2023-04-05 23:34:17'),
(971, '', '2023-04-05 23:34:17', '2023-04-05 23:34:17'),
(972, '', '2023-04-05 23:34:17', '2023-04-05 23:34:17'),
(973, '', '2023-04-05 23:34:17', '2023-04-05 23:34:17'),
(974, '', '2023-04-05 23:34:17', '2023-04-05 23:34:17'),
(975, '', '2023-04-05 23:34:17', '2023-04-05 23:34:17'),
(976, '', '2023-04-05 23:34:17', '2023-04-05 23:34:17'),
(977, '', '2023-04-05 23:34:17', '2023-04-05 23:34:17'),
(978, '', '2023-04-05 23:34:17', '2023-04-05 23:34:17'),
(979, '', '2023-04-05 23:34:25', '2023-04-05 23:34:25'),
(980, '', '2023-04-05 23:34:25', '2023-04-05 23:34:25'),
(981, '', '2023-04-05 23:34:25', '2023-04-05 23:34:25'),
(982, '', '2023-04-05 23:34:25', '2023-04-05 23:34:25'),
(983, '', '2023-04-05 23:34:25', '2023-04-05 23:34:25'),
(984, '', '2023-04-05 23:34:25', '2023-04-05 23:34:25'),
(985, '', '2023-04-05 23:34:25', '2023-04-05 23:34:25'),
(986, '', '2023-04-05 23:34:25', '2023-04-05 23:34:25'),
(987, '', '2023-04-05 23:34:25', '2023-04-05 23:34:25'),
(988, '', '2023-04-05 23:34:25', '2023-04-05 23:34:25'),
(989, '', '2023-04-05 23:34:25', '2023-04-05 23:34:25'),
(990, '', '2023-04-05 23:34:25', '2023-04-05 23:34:25'),
(991, '', '2023-04-05 23:34:25', '2023-04-05 23:34:25'),
(992, '', '2023-04-05 23:34:25', '2023-04-05 23:34:25'),
(993, '', '2023-04-05 23:34:25', '2023-04-05 23:34:25'),
(994, '', '2023-04-05 23:34:25', '2023-04-05 23:34:25'),
(995, '', '2023-04-05 23:34:25', '2023-04-05 23:34:25'),
(996, '', '2023-04-05 23:34:25', '2023-04-05 23:34:25'),
(997, '', '2023-04-05 23:34:25', '2023-04-05 23:34:25'),
(998, '', '2023-04-05 23:34:25', '2023-04-05 23:34:25'),
(999, '', '2023-04-05 23:34:25', '2023-04-05 23:34:25'),
(1000, '', '2023-04-05 23:34:25', '2023-04-05 23:34:25'),
(1001, '', '2023-04-05 23:34:25', '2023-04-05 23:34:25'),
(1002, '', '2023-04-05 23:34:25', '2023-04-05 23:34:25'),
(1003, '', '2023-04-05 23:34:25', '2023-04-05 23:34:25'),
(1004, '', '2023-04-05 23:34:25', '2023-04-05 23:34:25'),
(1005, '', '2023-04-05 23:34:25', '2023-04-05 23:34:25'),
(1006, '', '2023-04-05 23:34:25', '2023-04-05 23:34:25'),
(1007, '', '2023-04-05 23:34:25', '2023-04-05 23:34:25'),
(1008, '', '2023-04-05 23:34:25', '2023-04-05 23:34:25'),
(1009, '', '2023-04-05 23:34:25', '2023-04-05 23:34:25'),
(1010, '', '2023-04-05 23:34:25', '2023-04-05 23:34:25'),
(1011, '', '2023-04-05 23:34:25', '2023-04-05 23:34:25'),
(1012, '', '2023-04-05 23:34:25', '2023-04-05 23:34:25'),
(1013, '', '2023-04-05 23:34:25', '2023-04-05 23:34:25'),
(1014, '', '2023-04-05 23:34:25', '2023-04-05 23:34:25'),
(1015, '', '2023-04-05 23:34:25', '2023-04-05 23:34:25'),
(1016, '', '2023-04-05 23:34:25', '2023-04-05 23:34:25'),
(1017, '', '2023-04-05 23:34:25', '2023-04-05 23:34:25'),
(1018, '', '2023-04-05 23:34:25', '2023-04-05 23:34:25'),
(1019, '', '2023-04-05 23:34:25', '2023-04-05 23:34:25'),
(1020, '', '2023-04-05 23:34:25', '2023-04-05 23:34:25'),
(1021, '', '2023-04-05 23:34:25', '2023-04-05 23:34:25'),
(1022, '', '2023-04-05 23:34:25', '2023-04-05 23:34:25'),
(1023, '', '2023-04-05 23:34:25', '2023-04-05 23:34:25'),
(1024, '', '2023-04-05 23:34:25', '2023-04-05 23:34:25'),
(1025, '', '2023-04-05 23:34:25', '2023-04-05 23:34:25'),
(1026, '', '2023-04-05 23:34:25', '2023-04-05 23:34:25'),
(1027, '', '2023-04-05 23:34:25', '2023-04-05 23:34:25'),
(1028, '', '2023-04-05 23:34:25', '2023-04-05 23:34:25'),
(1029, '', '2023-04-05 23:34:25', '2023-04-05 23:34:25'),
(1030, '', '2023-04-05 23:34:25', '2023-04-05 23:34:25'),
(1031, '', '2023-04-05 23:34:25', '2023-04-05 23:34:25'),
(1032, '', '2023-04-05 23:34:25', '2023-04-05 23:34:25'),
(1033, '', '2023-04-05 23:34:25', '2023-04-05 23:34:25'),
(1034, '', '2023-04-05 23:34:25', '2023-04-05 23:34:25'),
(1035, '', '2023-04-05 23:34:25', '2023-04-05 23:34:25'),
(1036, '', '2023-04-05 23:34:25', '2023-04-05 23:34:25'),
(1037, '', '2023-04-05 23:34:25', '2023-04-05 23:34:25'),
(1038, '', '2023-04-05 23:34:25', '2023-04-05 23:34:25'),
(1039, '', '2023-04-05 23:34:25', '2023-04-05 23:34:25'),
(1040, '', '2023-04-05 23:34:25', '2023-04-05 23:34:25'),
(1041, '', '2023-04-05 23:34:25', '2023-04-05 23:34:25'),
(1042, '', '2023-04-05 23:34:25', '2023-04-05 23:34:25'),
(1043, '', '2023-04-05 23:34:25', '2023-04-05 23:34:25'),
(1044, '', '2023-04-05 23:34:25', '2023-04-05 23:34:25'),
(1045, '', '2023-04-05 23:34:25', '2023-04-05 23:34:25'),
(1046, '', '2023-04-05 23:34:25', '2023-04-05 23:34:25'),
(1047, '', '2023-04-05 23:34:25', '2023-04-05 23:34:25'),
(1048, '', '2023-04-05 23:34:25', '2023-04-05 23:34:25'),
(1049, '', '2023-04-05 23:34:25', '2023-04-05 23:34:25'),
(1050, '', '2023-04-05 23:34:25', '2023-04-05 23:34:25'),
(1051, '', '2023-04-05 23:34:25', '2023-04-05 23:34:25'),
(1052, '', '2023-04-05 23:34:25', '2023-04-05 23:34:25'),
(1053, '', '2023-04-05 23:34:25', '2023-04-05 23:34:25'),
(1054, '', '2023-04-05 23:34:25', '2023-04-05 23:34:25'),
(1055, '', '2023-04-05 23:34:25', '2023-04-05 23:34:25'),
(1056, '', '2023-04-05 23:34:25', '2023-04-05 23:34:25'),
(1057, '', '2023-04-05 23:34:25', '2023-04-05 23:34:25'),
(1058, '', '2023-04-05 23:34:25', '2023-04-05 23:34:25'),
(1059, '', '2023-04-05 23:34:25', '2023-04-05 23:34:25'),
(1060, '', '2023-04-05 23:34:25', '2023-04-05 23:34:25'),
(1061, '', '2023-04-05 23:34:25', '2023-04-05 23:34:25'),
(1062, '', '2023-04-05 23:34:25', '2023-04-05 23:34:25'),
(1063, '', '2023-04-05 23:34:25', '2023-04-05 23:34:25'),
(1064, '', '2023-04-05 23:34:25', '2023-04-05 23:34:25'),
(1065, '', '2023-04-05 23:34:25', '2023-04-05 23:34:25'),
(1066, '', '2023-04-05 23:34:25', '2023-04-05 23:34:25'),
(1067, '', '2023-04-05 23:34:25', '2023-04-05 23:34:25'),
(1068, '', '2023-04-05 23:34:25', '2023-04-05 23:34:25'),
(1069, '', '2023-04-05 23:34:25', '2023-04-05 23:34:25'),
(1070, '', '2023-04-05 23:34:25', '2023-04-05 23:34:25'),
(1071, '', '2023-04-05 23:34:25', '2023-04-05 23:34:25'),
(1072, '', '2023-04-05 23:34:25', '2023-04-05 23:34:25'),
(1073, '', '2023-04-05 23:34:25', '2023-04-05 23:34:25'),
(1074, '', '2023-04-05 23:34:25', '2023-04-05 23:34:25'),
(1075, '', '2023-04-05 23:34:25', '2023-04-05 23:34:25'),
(1076, '', '2023-04-05 23:34:25', '2023-04-05 23:34:25'),
(1077, '', '2023-04-05 23:34:25', '2023-04-05 23:34:25'),
(1078, '', '2023-04-05 23:34:25', '2023-04-05 23:34:25'),
(1079, '', '2023-04-05 23:34:25', '2023-04-05 23:34:25'),
(1080, '', '2023-04-05 23:34:25', '2023-04-05 23:34:25'),
(1081, '', '2023-04-05 23:34:25', '2023-04-05 23:34:25'),
(1082, '', '2023-04-05 23:34:25', '2023-04-05 23:34:25'),
(1083, '', '2023-04-05 23:34:25', '2023-04-05 23:34:25'),
(1084, '', '2023-04-05 23:34:25', '2023-04-05 23:34:25'),
(1085, '', '2023-04-05 23:34:25', '2023-04-05 23:34:25'),
(1086, '', '2023-04-05 23:34:25', '2023-04-05 23:34:25'),
(1087, '', '2023-04-05 23:34:25', '2023-04-05 23:34:25'),
(1088, '', '2023-04-05 23:34:25', '2023-04-05 23:34:25'),
(1089, '', '2023-04-05 23:34:25', '2023-04-05 23:34:25'),
(1090, '', '2023-04-05 23:34:25', '2023-04-05 23:34:25'),
(1091, '', '2023-04-05 23:34:25', '2023-04-05 23:34:25'),
(1092, '', '2023-04-05 23:34:25', '2023-04-05 23:34:25'),
(1093, '', '2023-04-05 23:34:25', '2023-04-05 23:34:25'),
(1094, '', '2023-04-05 23:34:25', '2023-04-05 23:34:25'),
(1095, '', '2023-04-05 23:34:25', '2023-04-05 23:34:25'),
(1096, '', '2023-04-05 23:34:25', '2023-04-05 23:34:25'),
(1097, '', '2023-04-05 23:34:25', '2023-04-05 23:34:25'),
(1098, '', '2023-04-05 23:34:25', '2023-04-05 23:34:25'),
(1099, '', '2023-04-05 23:34:25', '2023-04-05 23:34:25'),
(1100, '', '2023-04-05 23:34:25', '2023-04-05 23:34:25'),
(1101, '', '2023-04-05 23:34:25', '2023-04-05 23:34:25'),
(1102, '', '2023-04-05 23:34:25', '2023-04-05 23:34:25'),
(1103, '', '2023-04-05 23:34:25', '2023-04-05 23:34:25'),
(1104, '', '2023-04-05 23:34:25', '2023-04-05 23:34:25'),
(1105, '', '2023-04-05 23:34:25', '2023-04-05 23:34:25'),
(1106, '', '2023-04-05 23:34:25', '2023-04-05 23:34:25'),
(1107, '', '2023-04-05 23:34:25', '2023-04-05 23:34:25'),
(1108, '', '2023-04-05 23:34:25', '2023-04-05 23:34:25'),
(1109, '', '2023-04-05 23:34:25', '2023-04-05 23:34:25'),
(1110, '', '2023-04-05 23:34:25', '2023-04-05 23:34:25'),
(1111, '', '2023-04-05 23:34:25', '2023-04-05 23:34:25'),
(1112, '', '2023-04-05 23:34:25', '2023-04-05 23:34:25'),
(1113, '', '2023-04-05 23:34:25', '2023-04-05 23:34:25'),
(1114, '', '2023-04-05 23:34:25', '2023-04-05 23:34:25'),
(1115, '', '2023-04-05 23:34:25', '2023-04-05 23:34:25'),
(1116, '', '2023-04-05 23:34:25', '2023-04-05 23:34:25'),
(1117, '', '2023-04-05 23:34:25', '2023-04-05 23:34:25'),
(1118, '', '2023-04-05 23:34:25', '2023-04-05 23:34:25'),
(1119, '', '2023-04-05 23:34:25', '2023-04-05 23:34:25'),
(1120, '', '2023-04-05 23:34:25', '2023-04-05 23:34:25'),
(1121, '', '2023-04-05 23:34:25', '2023-04-05 23:34:25'),
(1122, '', '2023-04-05 23:34:25', '2023-04-05 23:34:25'),
(1123, '', '2023-04-05 23:34:25', '2023-04-05 23:34:25'),
(1124, '', '2023-04-05 23:34:25', '2023-04-05 23:34:25'),
(1125, '', '2023-04-05 23:34:25', '2023-04-05 23:34:25'),
(1126, '', '2023-04-05 23:34:25', '2023-04-05 23:34:25'),
(1127, '', '2023-04-05 23:34:25', '2023-04-05 23:34:25'),
(1128, '', '2023-04-05 23:34:25', '2023-04-05 23:34:25'),
(1129, '', '2023-04-05 23:34:25', '2023-04-05 23:34:25'),
(1130, '', '2023-04-05 23:34:25', '2023-04-05 23:34:25'),
(1131, '', '2023-04-05 23:34:25', '2023-04-05 23:34:25'),
(1132, '', '2023-04-05 23:34:25', '2023-04-05 23:34:25'),
(1133, '', '2023-04-05 23:34:25', '2023-04-05 23:34:25'),
(1134, '', '2023-04-05 23:34:25', '2023-04-05 23:34:25'),
(1135, '', '2023-04-05 23:34:25', '2023-04-05 23:34:25'),
(1136, '', '2023-04-05 23:34:25', '2023-04-05 23:34:25'),
(1137, '', '2023-04-05 23:34:25', '2023-04-05 23:34:25'),
(1138, '', '2023-04-05 23:34:25', '2023-04-05 23:34:25'),
(1139, '', '2023-04-05 23:34:25', '2023-04-05 23:34:25'),
(1140, '', '2023-04-05 23:34:25', '2023-04-05 23:34:25'),
(1141, '', '2023-04-05 23:34:25', '2023-04-05 23:34:25'),
(1142, '', '2023-04-05 23:34:25', '2023-04-05 23:34:25'),
(1143, '', '2023-04-05 23:34:26', '2023-04-05 23:34:26'),
(1144, '', '2023-04-05 23:34:26', '2023-04-05 23:34:26'),
(1145, '', '2023-04-05 23:34:26', '2023-04-05 23:34:26'),
(1146, '', '2023-04-05 23:34:26', '2023-04-05 23:34:26'),
(1147, '', '2023-04-05 23:34:26', '2023-04-05 23:34:26'),
(1148, '', '2023-04-05 23:34:26', '2023-04-05 23:34:26'),
(1149, '', '2023-04-05 23:34:26', '2023-04-05 23:34:26'),
(1150, '', '2023-04-05 23:34:26', '2023-04-05 23:34:26'),
(1151, '', '2023-04-05 23:34:26', '2023-04-05 23:34:26'),
(1152, '', '2023-04-05 23:34:26', '2023-04-05 23:34:26'),
(1153, '', '2023-04-05 23:34:26', '2023-04-05 23:34:26'),
(1154, '', '2023-04-05 23:34:26', '2023-04-05 23:34:26'),
(1155, '', '2023-04-05 23:34:26', '2023-04-05 23:34:26'),
(1156, '', '2023-04-05 23:34:26', '2023-04-05 23:34:26'),
(1157, '', '2023-04-05 23:34:26', '2023-04-05 23:34:26'),
(1158, '', '2023-04-05 23:36:58', '2023-04-05 23:36:58'),
(1159, '', '2023-04-05 23:36:58', '2023-04-05 23:36:58'),
(1160, '', '2023-04-05 23:36:58', '2023-04-05 23:36:58'),
(1161, '', '2023-04-05 23:36:58', '2023-04-05 23:36:58'),
(1162, '', '2023-04-05 23:36:58', '2023-04-05 23:36:58'),
(1163, '', '2023-04-05 23:36:58', '2023-04-05 23:36:58'),
(1164, '', '2023-04-05 23:36:58', '2023-04-05 23:36:58'),
(1165, '', '2023-04-05 23:36:58', '2023-04-05 23:36:58'),
(1166, '', '2023-04-05 23:36:58', '2023-04-05 23:36:58'),
(1167, '', '2023-04-05 23:36:58', '2023-04-05 23:36:58'),
(1168, '', '2023-04-05 23:36:58', '2023-04-05 23:36:58'),
(1169, '', '2023-04-05 23:36:58', '2023-04-05 23:36:58'),
(1170, '', '2023-04-05 23:36:58', '2023-04-05 23:36:58'),
(1171, '', '2023-04-05 23:36:58', '2023-04-05 23:36:58'),
(1172, '', '2023-04-05 23:36:58', '2023-04-05 23:36:58'),
(1173, '', '2023-04-05 23:36:58', '2023-04-05 23:36:58'),
(1174, '', '2023-04-05 23:36:58', '2023-04-05 23:36:58'),
(1175, '', '2023-04-05 23:36:58', '2023-04-05 23:36:58'),
(1176, '', '2023-04-05 23:36:58', '2023-04-05 23:36:58'),
(1177, '', '2023-04-05 23:36:58', '2023-04-05 23:36:58'),
(1178, '', '2023-04-05 23:36:58', '2023-04-05 23:36:58'),
(1179, '', '2023-04-05 23:36:58', '2023-04-05 23:36:58'),
(1180, '', '2023-04-05 23:36:58', '2023-04-05 23:36:58'),
(1181, '', '2023-04-05 23:36:58', '2023-04-05 23:36:58'),
(1182, '', '2023-04-05 23:36:58', '2023-04-05 23:36:58'),
(1183, '', '2023-04-05 23:36:58', '2023-04-05 23:36:58'),
(1184, '', '2023-04-05 23:36:58', '2023-04-05 23:36:58'),
(1185, '', '2023-04-05 23:36:58', '2023-04-05 23:36:58'),
(1186, '', '2023-04-05 23:36:58', '2023-04-05 23:36:58'),
(1187, '', '2023-04-05 23:36:58', '2023-04-05 23:36:58'),
(1188, '', '2023-04-05 23:36:58', '2023-04-05 23:36:58'),
(1189, '', '2023-04-05 23:36:58', '2023-04-05 23:36:58'),
(1190, '', '2023-04-05 23:36:58', '2023-04-05 23:36:58'),
(1191, '', '2023-04-05 23:36:58', '2023-04-05 23:36:58'),
(1192, '', '2023-04-05 23:36:58', '2023-04-05 23:36:58'),
(1193, '', '2023-04-05 23:36:58', '2023-04-05 23:36:58'),
(1194, '', '2023-04-05 23:36:58', '2023-04-05 23:36:58'),
(1195, '', '2023-04-05 23:36:58', '2023-04-05 23:36:58'),
(1196, '', '2023-04-05 23:36:58', '2023-04-05 23:36:58'),
(1197, '', '2023-04-05 23:36:58', '2023-04-05 23:36:58'),
(1198, '', '2023-04-05 23:36:58', '2023-04-05 23:36:58'),
(1199, '', '2023-04-05 23:36:58', '2023-04-05 23:36:58'),
(1200, '', '2023-04-05 23:36:58', '2023-04-05 23:36:58'),
(1201, '', '2023-04-05 23:36:58', '2023-04-05 23:36:58'),
(1202, '', '2023-04-05 23:36:58', '2023-04-05 23:36:58'),
(1203, '', '2023-04-05 23:36:58', '2023-04-05 23:36:58'),
(1204, '', '2023-04-05 23:36:58', '2023-04-05 23:36:58'),
(1205, '', '2023-04-05 23:36:59', '2023-04-05 23:36:59'),
(1206, '', '2023-04-05 23:36:59', '2023-04-05 23:36:59'),
(1207, '', '2023-04-05 23:36:59', '2023-04-05 23:36:59'),
(1208, '', '2023-04-05 23:36:59', '2023-04-05 23:36:59'),
(1209, '', '2023-04-05 23:36:59', '2023-04-05 23:36:59'),
(1210, '', '2023-04-05 23:36:59', '2023-04-05 23:36:59'),
(1211, '', '2023-04-05 23:36:59', '2023-04-05 23:36:59'),
(1212, '', '2023-04-05 23:36:59', '2023-04-05 23:36:59'),
(1213, '', '2023-04-05 23:36:59', '2023-04-05 23:36:59'),
(1214, '', '2023-04-05 23:36:59', '2023-04-05 23:36:59'),
(1215, '', '2023-04-05 23:36:59', '2023-04-05 23:36:59'),
(1216, '', '2023-04-05 23:36:59', '2023-04-05 23:36:59'),
(1217, '', '2023-04-05 23:36:59', '2023-04-05 23:36:59'),
(1218, '', '2023-04-05 23:36:59', '2023-04-05 23:36:59'),
(1219, '', '2023-04-05 23:36:59', '2023-04-05 23:36:59'),
(1220, '', '2023-04-05 23:36:59', '2023-04-05 23:36:59'),
(1221, '', '2023-04-05 23:36:59', '2023-04-05 23:36:59'),
(1222, '', '2023-04-05 23:36:59', '2023-04-05 23:36:59'),
(1223, '', '2023-04-05 23:36:59', '2023-04-05 23:36:59'),
(1224, '', '2023-04-05 23:36:59', '2023-04-05 23:36:59'),
(1225, '', '2023-04-05 23:36:59', '2023-04-05 23:36:59'),
(1226, '', '2023-04-05 23:36:59', '2023-04-05 23:36:59'),
(1227, '', '2023-04-05 23:36:59', '2023-04-05 23:36:59'),
(1228, '', '2023-04-05 23:36:59', '2023-04-05 23:36:59'),
(1229, '', '2023-04-05 23:36:59', '2023-04-05 23:36:59'),
(1230, '', '2023-04-05 23:36:59', '2023-04-05 23:36:59'),
(1231, '', '2023-04-05 23:36:59', '2023-04-05 23:36:59'),
(1232, '', '2023-04-05 23:36:59', '2023-04-05 23:36:59'),
(1233, '', '2023-04-05 23:36:59', '2023-04-05 23:36:59'),
(1234, '', '2023-04-05 23:36:59', '2023-04-05 23:36:59'),
(1235, '', '2023-04-05 23:36:59', '2023-04-05 23:36:59'),
(1236, '', '2023-04-05 23:36:59', '2023-04-05 23:36:59'),
(1237, '', '2023-04-05 23:36:59', '2023-04-05 23:36:59'),
(1238, '', '2023-04-05 23:36:59', '2023-04-05 23:36:59'),
(1239, '', '2023-04-05 23:36:59', '2023-04-05 23:36:59'),
(1240, '', '2023-04-05 23:36:59', '2023-04-05 23:36:59'),
(1241, '', '2023-04-05 23:36:59', '2023-04-05 23:36:59'),
(1242, '', '2023-04-05 23:36:59', '2023-04-05 23:36:59'),
(1243, '', '2023-04-05 23:36:59', '2023-04-05 23:36:59'),
(1244, '', '2023-04-05 23:36:59', '2023-04-05 23:36:59'),
(1245, '', '2023-04-05 23:36:59', '2023-04-05 23:36:59'),
(1246, '', '2023-04-05 23:36:59', '2023-04-05 23:36:59'),
(1247, '', '2023-04-05 23:36:59', '2023-04-05 23:36:59'),
(1248, '', '2023-04-05 23:36:59', '2023-04-05 23:36:59'),
(1249, '', '2023-04-05 23:36:59', '2023-04-05 23:36:59'),
(1250, '', '2023-04-05 23:36:59', '2023-04-05 23:36:59'),
(1251, '', '2023-04-05 23:36:59', '2023-04-05 23:36:59'),
(1252, '', '2023-04-05 23:36:59', '2023-04-05 23:36:59'),
(1253, '', '2023-04-05 23:36:59', '2023-04-05 23:36:59'),
(1254, '', '2023-04-05 23:36:59', '2023-04-05 23:36:59'),
(1255, '', '2023-04-05 23:36:59', '2023-04-05 23:36:59'),
(1256, '', '2023-04-05 23:36:59', '2023-04-05 23:36:59'),
(1257, '', '2023-04-05 23:36:59', '2023-04-05 23:36:59'),
(1258, '', '2023-04-05 23:36:59', '2023-04-05 23:36:59'),
(1259, '', '2023-04-05 23:36:59', '2023-04-05 23:36:59'),
(1260, '', '2023-04-05 23:36:59', '2023-04-05 23:36:59'),
(1261, '', '2023-04-05 23:36:59', '2023-04-05 23:36:59'),
(1262, '', '2023-04-05 23:36:59', '2023-04-05 23:36:59'),
(1263, '', '2023-04-05 23:36:59', '2023-04-05 23:36:59'),
(1264, '', '2023-04-05 23:36:59', '2023-04-05 23:36:59'),
(1265, '', '2023-04-05 23:36:59', '2023-04-05 23:36:59'),
(1266, '', '2023-04-05 23:36:59', '2023-04-05 23:36:59'),
(1267, '', '2023-04-05 23:36:59', '2023-04-05 23:36:59'),
(1268, '', '2023-04-05 23:36:59', '2023-04-05 23:36:59'),
(1269, '', '2023-04-05 23:36:59', '2023-04-05 23:36:59'),
(1270, '', '2023-04-05 23:36:59', '2023-04-05 23:36:59'),
(1271, '', '2023-04-05 23:36:59', '2023-04-05 23:36:59'),
(1272, '', '2023-04-05 23:36:59', '2023-04-05 23:36:59'),
(1273, '', '2023-04-05 23:36:59', '2023-04-05 23:36:59'),
(1274, '', '2023-04-05 23:36:59', '2023-04-05 23:36:59'),
(1275, '', '2023-04-05 23:36:59', '2023-04-05 23:36:59'),
(1276, '', '2023-04-05 23:36:59', '2023-04-05 23:36:59'),
(1277, '', '2023-04-05 23:36:59', '2023-04-05 23:36:59'),
(1278, '', '2023-04-05 23:36:59', '2023-04-05 23:36:59'),
(1279, '', '2023-04-05 23:36:59', '2023-04-05 23:36:59'),
(1280, '', '2023-04-05 23:36:59', '2023-04-05 23:36:59'),
(1281, '', '2023-04-05 23:36:59', '2023-04-05 23:36:59'),
(1282, '', '2023-04-05 23:36:59', '2023-04-05 23:36:59'),
(1283, '', '2023-04-05 23:36:59', '2023-04-05 23:36:59'),
(1284, '', '2023-04-05 23:36:59', '2023-04-05 23:36:59'),
(1285, '', '2023-04-05 23:36:59', '2023-04-05 23:36:59'),
(1286, '', '2023-04-05 23:36:59', '2023-04-05 23:36:59'),
(1287, '', '2023-04-05 23:36:59', '2023-04-05 23:36:59'),
(1288, '', '2023-04-05 23:36:59', '2023-04-05 23:36:59'),
(1289, '', '2023-04-05 23:36:59', '2023-04-05 23:36:59'),
(1290, '', '2023-04-05 23:36:59', '2023-04-05 23:36:59'),
(1291, '', '2023-04-05 23:36:59', '2023-04-05 23:36:59'),
(1292, '', '2023-04-05 23:36:59', '2023-04-05 23:36:59'),
(1293, '', '2023-04-05 23:36:59', '2023-04-05 23:36:59'),
(1294, '', '2023-04-05 23:36:59', '2023-04-05 23:36:59'),
(1295, '', '2023-04-05 23:36:59', '2023-04-05 23:36:59'),
(1296, '', '2023-04-05 23:36:59', '2023-04-05 23:36:59'),
(1297, '', '2023-04-05 23:36:59', '2023-04-05 23:36:59'),
(1298, '', '2023-04-05 23:36:59', '2023-04-05 23:36:59'),
(1299, '', '2023-04-05 23:36:59', '2023-04-05 23:36:59'),
(1300, '', '2023-04-05 23:36:59', '2023-04-05 23:36:59'),
(1301, '', '2023-04-05 23:36:59', '2023-04-05 23:36:59'),
(1302, '', '2023-04-05 23:36:59', '2023-04-05 23:36:59'),
(1303, '', '2023-04-05 23:36:59', '2023-04-05 23:36:59'),
(1304, '', '2023-04-05 23:36:59', '2023-04-05 23:36:59'),
(1305, '', '2023-04-05 23:36:59', '2023-04-05 23:36:59'),
(1306, '', '2023-04-05 23:36:59', '2023-04-05 23:36:59'),
(1307, '', '2023-04-05 23:36:59', '2023-04-05 23:36:59'),
(1308, '', '2023-04-05 23:36:59', '2023-04-05 23:36:59'),
(1309, '', '2023-04-05 23:36:59', '2023-04-05 23:36:59'),
(1310, '', '2023-04-05 23:36:59', '2023-04-05 23:36:59'),
(1311, '', '2023-04-05 23:36:59', '2023-04-05 23:36:59'),
(1312, '', '2023-04-05 23:36:59', '2023-04-05 23:36:59'),
(1313, '', '2023-04-05 23:36:59', '2023-04-05 23:36:59'),
(1314, '', '2023-04-05 23:36:59', '2023-04-05 23:36:59'),
(1315, '', '2023-04-05 23:36:59', '2023-04-05 23:36:59'),
(1316, '', '2023-04-05 23:36:59', '2023-04-05 23:36:59'),
(1317, '', '2023-04-05 23:36:59', '2023-04-05 23:36:59'),
(1318, '', '2023-04-05 23:36:59', '2023-04-05 23:36:59'),
(1319, '', '2023-04-05 23:36:59', '2023-04-05 23:36:59'),
(1320, '', '2023-04-05 23:36:59', '2023-04-05 23:36:59'),
(1321, '', '2023-04-05 23:36:59', '2023-04-05 23:36:59'),
(1322, '', '2023-04-05 23:36:59', '2023-04-05 23:36:59'),
(1323, '', '2023-04-05 23:36:59', '2023-04-05 23:36:59'),
(1324, '', '2023-04-05 23:36:59', '2023-04-05 23:36:59'),
(1325, '', '2023-04-05 23:36:59', '2023-04-05 23:36:59'),
(1326, '', '2023-04-05 23:36:59', '2023-04-05 23:36:59'),
(1327, '', '2023-04-05 23:36:59', '2023-04-05 23:36:59'),
(1328, '', '2023-04-05 23:36:59', '2023-04-05 23:36:59'),
(1329, '', '2023-04-05 23:36:59', '2023-04-05 23:36:59'),
(1330, '', '2023-04-05 23:36:59', '2023-04-05 23:36:59'),
(1331, '', '2023-04-05 23:36:59', '2023-04-05 23:36:59'),
(1332, '', '2023-04-05 23:36:59', '2023-04-05 23:36:59'),
(1333, '', '2023-04-05 23:36:59', '2023-04-05 23:36:59'),
(1334, '', '2023-04-05 23:36:59', '2023-04-05 23:36:59'),
(1335, '', '2023-04-05 23:36:59', '2023-04-05 23:36:59'),
(1336, '', '2023-04-05 23:36:59', '2023-04-05 23:36:59'),
(1337, '', '2023-04-05 23:38:21', '2023-04-05 23:38:21'),
(1338, '', '2023-04-05 23:39:07', '2023-04-05 23:39:07'),
(1339, '', '2023-04-05 23:40:17', '2023-04-05 23:40:17'),
(1340, '', '2023-04-05 23:41:25', '2023-04-05 23:41:25'),
(1341, '', '2023-04-05 23:43:58', '2023-04-05 23:43:58'),
(1342, '', '2023-04-05 23:44:49', '2023-04-05 23:44:49'),
(1343, '', '2023-04-05 23:45:51', '2023-04-05 23:45:51'),
(1344, 'La Legion Praetoria est une guilde du jeu medieval et fantastique du Duche de Bicolline.      Le Theme principal de notre groupe est le peuple Romain et plus specifiquement la garde Praetorienne.      La garde Praetorienne est une unite d\'elite du temps de l\'empire qui avait pour but la securite de l\'empereur      Les couleur traditionel de la division sont le mauve byzantin, du a sa rarete et par consequant son prestige, et l\'Or.', '2023-04-05 23:47:20', '2023-04-06 00:02:17'),
(1345, '', '2023-04-05 23:47:21', '2023-04-05 23:47:21'),
(1346, '', '2023-04-05 23:47:27', '2023-04-05 23:47:27'),
(1347, '', '2023-04-05 23:47:27', '2023-04-05 23:47:27'),
(1348, '', '2023-04-05 23:47:27', '2023-04-05 23:47:27'),
(1349, '', '2023-04-05 23:47:27', '2023-04-05 23:47:27'),
(1350, '', '2023-04-05 23:47:27', '2023-04-05 23:47:27'),
(1351, '', '2023-04-05 23:47:27', '2023-04-05 23:47:27'),
(1352, '', '2023-04-05 23:47:27', '2023-04-05 23:47:27'),
(1353, '', '2023-04-05 23:47:27', '2023-04-05 23:47:27'),
(1354, '', '2023-04-05 23:47:27', '2023-04-05 23:47:27'),
(1355, '', '2023-04-05 23:47:27', '2023-04-05 23:47:27'),
(1356, '', '2023-04-05 23:47:27', '2023-04-05 23:47:27'),
(1357, '', '2023-04-05 23:47:27', '2023-04-05 23:47:27'),
(1358, '', '2023-04-05 23:47:27', '2023-04-05 23:47:27'),
(1359, '', '2023-04-05 23:47:27', '2023-04-05 23:47:27'),
(1360, '', '2023-04-05 23:47:27', '2023-04-05 23:47:27'),
(1361, '', '2023-04-05 23:47:27', '2023-04-05 23:47:27'),
(1362, '', '2023-04-05 23:47:27', '2023-04-05 23:47:27'),
(1363, '', '2023-04-05 23:47:27', '2023-04-05 23:47:27'),
(1364, '', '2023-04-05 23:47:27', '2023-04-05 23:47:27'),
(1365, '', '2023-04-05 23:47:27', '2023-04-05 23:47:27'),
(1366, '', '2023-04-05 23:47:27', '2023-04-05 23:47:27'),
(1367, '', '2023-04-05 23:47:27', '2023-04-05 23:47:27'),
(1368, '', '2023-04-05 23:47:27', '2023-04-05 23:47:27'),
(1369, '', '2023-04-05 23:47:27', '2023-04-05 23:47:27'),
(1370, '', '2023-04-05 23:47:27', '2023-04-05 23:47:27'),
(1371, '', '2023-04-05 23:47:27', '2023-04-05 23:47:27'),
(1372, '', '2023-04-05 23:47:27', '2023-04-05 23:47:27'),
(1373, '', '2023-04-05 23:47:27', '2023-04-05 23:47:27'),
(1374, '', '2023-04-05 23:47:27', '2023-04-05 23:47:27'),
(1375, '', '2023-04-05 23:47:27', '2023-04-05 23:47:27'),
(1376, '', '2023-04-05 23:47:27', '2023-04-05 23:47:27'),
(1377, '', '2023-04-05 23:47:27', '2023-04-05 23:47:27'),
(1378, '', '2023-04-05 23:47:27', '2023-04-05 23:47:27'),
(1379, '', '2023-04-05 23:47:28', '2023-04-05 23:47:28'),
(1380, '', '2023-04-05 23:47:28', '2023-04-05 23:47:28'),
(1381, '', '2023-04-05 23:47:28', '2023-04-05 23:47:28'),
(1382, '', '2023-04-05 23:47:28', '2023-04-05 23:47:28'),
(1383, '', '2023-04-05 23:47:28', '2023-04-05 23:47:28'),
(1384, '', '2023-04-05 23:47:28', '2023-04-05 23:47:28'),
(1385, '', '2023-04-05 23:47:28', '2023-04-05 23:47:28'),
(1386, '', '2023-04-05 23:47:28', '2023-04-05 23:47:28'),
(1387, '', '2023-04-05 23:47:28', '2023-04-05 23:47:28'),
(1388, '', '2023-04-05 23:47:28', '2023-04-05 23:47:28'),
(1389, '', '2023-04-05 23:47:28', '2023-04-05 23:47:28'),
(1390, '', '2023-04-05 23:47:28', '2023-04-05 23:47:28'),
(1391, '', '2023-04-05 23:47:28', '2023-04-05 23:47:28'),
(1392, '', '2023-04-05 23:47:28', '2023-04-05 23:47:28'),
(1393, '', '2023-04-05 23:47:28', '2023-04-05 23:47:28'),
(1394, '', '2023-04-05 23:47:28', '2023-04-05 23:47:28'),
(1395, '', '2023-04-05 23:47:28', '2023-04-05 23:47:28'),
(1396, '', '2023-04-05 23:47:28', '2023-04-05 23:47:28'),
(1397, '', '2023-04-05 23:47:28', '2023-04-05 23:47:28'),
(1398, '', '2023-04-05 23:47:28', '2023-04-05 23:47:28'),
(1399, '', '2023-04-05 23:47:28', '2023-04-05 23:47:28'),
(1400, '', '2023-04-05 23:47:28', '2023-04-05 23:47:28'),
(1401, '', '2023-04-05 23:47:28', '2023-04-05 23:47:28'),
(1402, '', '2023-04-05 23:47:28', '2023-04-05 23:47:28'),
(1403, '', '2023-04-05 23:47:28', '2023-04-05 23:47:28'),
(1404, '', '2023-04-05 23:47:28', '2023-04-05 23:47:28'),
(1405, '', '2023-04-05 23:47:28', '2023-04-05 23:47:28'),
(1406, '', '2023-04-05 23:47:28', '2023-04-05 23:47:28'),
(1407, '', '2023-04-05 23:47:28', '2023-04-05 23:47:28'),
(1408, '', '2023-04-05 23:47:28', '2023-04-05 23:47:28'),
(1409, '', '2023-04-05 23:47:28', '2023-04-05 23:47:28'),
(1410, '', '2023-04-05 23:47:28', '2023-04-05 23:47:28'),
(1411, '', '2023-04-05 23:47:28', '2023-04-05 23:47:28'),
(1412, '', '2023-04-05 23:47:28', '2023-04-05 23:47:28'),
(1413, '', '2023-04-05 23:47:28', '2023-04-05 23:47:28'),
(1414, '', '2023-04-05 23:47:28', '2023-04-05 23:47:28'),
(1415, '', '2023-04-05 23:47:28', '2023-04-05 23:47:28'),
(1416, '', '2023-04-05 23:47:28', '2023-04-05 23:47:28'),
(1417, '', '2023-04-05 23:47:28', '2023-04-05 23:47:28'),
(1418, '', '2023-04-05 23:47:28', '2023-04-05 23:47:28'),
(1419, '', '2023-04-05 23:47:28', '2023-04-05 23:47:28'),
(1420, '', '2023-04-05 23:47:28', '2023-04-05 23:47:28'),
(1421, '', '2023-04-05 23:47:28', '2023-04-05 23:47:28'),
(1422, '', '2023-04-05 23:47:28', '2023-04-05 23:47:28'),
(1423, '', '2023-04-05 23:47:28', '2023-04-05 23:47:28'),
(1424, '', '2023-04-05 23:47:28', '2023-04-05 23:47:28'),
(1425, '', '2023-04-05 23:47:28', '2023-04-05 23:47:28'),
(1426, '', '2023-04-05 23:47:28', '2023-04-05 23:47:28'),
(1427, '', '2023-04-05 23:47:28', '2023-04-05 23:47:28'),
(1428, '', '2023-04-05 23:47:28', '2023-04-05 23:47:28'),
(1429, '', '2023-04-05 23:47:28', '2023-04-05 23:47:28'),
(1430, '', '2023-04-05 23:47:28', '2023-04-05 23:47:28'),
(1431, '', '2023-04-05 23:47:28', '2023-04-05 23:47:28'),
(1432, '', '2023-04-05 23:47:28', '2023-04-05 23:47:28'),
(1433, '', '2023-04-05 23:47:28', '2023-04-05 23:47:28'),
(1434, '', '2023-04-05 23:47:28', '2023-04-05 23:47:28'),
(1435, '', '2023-04-05 23:47:28', '2023-04-05 23:47:28'),
(1436, '', '2023-04-05 23:47:28', '2023-04-05 23:47:28'),
(1437, '', '2023-04-05 23:47:28', '2023-04-05 23:47:28'),
(1438, '', '2023-04-05 23:47:28', '2023-04-05 23:47:28'),
(1439, '', '2023-04-05 23:47:28', '2023-04-05 23:47:28'),
(1440, '', '2023-04-05 23:47:28', '2023-04-05 23:47:28'),
(1441, '', '2023-04-05 23:47:28', '2023-04-05 23:47:28'),
(1442, '', '2023-04-05 23:47:28', '2023-04-05 23:47:28'),
(1443, '', '2023-04-05 23:47:28', '2023-04-05 23:47:28'),
(1444, '', '2023-04-05 23:47:28', '2023-04-05 23:47:28'),
(1445, '', '2023-04-05 23:47:28', '2023-04-05 23:47:28'),
(1446, '', '2023-04-05 23:47:28', '2023-04-05 23:47:28'),
(1447, '', '2023-04-05 23:47:28', '2023-04-05 23:47:28'),
(1448, '', '2023-04-05 23:47:28', '2023-04-05 23:47:28'),
(1449, '', '2023-04-05 23:47:28', '2023-04-05 23:47:28'),
(1450, '', '2023-04-05 23:47:28', '2023-04-05 23:47:28'),
(1451, '', '2023-04-05 23:47:28', '2023-04-05 23:47:28'),
(1452, '', '2023-04-05 23:47:28', '2023-04-05 23:47:28'),
(1453, '', '2023-04-05 23:47:28', '2023-04-05 23:47:28'),
(1454, '', '2023-04-05 23:47:28', '2023-04-05 23:47:28'),
(1455, '', '2023-04-05 23:47:28', '2023-04-05 23:47:28'),
(1456, '', '2023-04-05 23:47:28', '2023-04-05 23:47:28'),
(1457, '', '2023-04-05 23:47:28', '2023-04-05 23:47:28'),
(1458, '', '2023-04-05 23:47:28', '2023-04-05 23:47:28'),
(1459, '', '2023-04-05 23:47:28', '2023-04-05 23:47:28'),
(1460, '', '2023-04-05 23:47:28', '2023-04-05 23:47:28'),
(1461, '', '2023-04-05 23:47:28', '2023-04-05 23:47:28'),
(1462, '', '2023-04-05 23:47:28', '2023-04-05 23:47:28'),
(1463, '', '2023-04-05 23:47:28', '2023-04-05 23:47:28'),
(1464, '', '2023-04-05 23:47:28', '2023-04-05 23:47:28'),
(1465, '', '2023-04-05 23:47:28', '2023-04-05 23:47:28'),
(1466, '', '2023-04-05 23:47:28', '2023-04-05 23:47:28'),
(1467, '', '2023-04-05 23:47:28', '2023-04-05 23:47:28'),
(1468, '', '2023-04-05 23:47:28', '2023-04-05 23:47:28'),
(1469, '', '2023-04-05 23:47:28', '2023-04-05 23:47:28'),
(1470, '', '2023-04-05 23:47:28', '2023-04-05 23:47:28'),
(1471, '', '2023-04-05 23:47:28', '2023-04-05 23:47:28'),
(1472, '', '2023-04-05 23:47:28', '2023-04-05 23:47:28'),
(1473, '', '2023-04-05 23:47:28', '2023-04-05 23:47:28'),
(1474, '', '2023-04-05 23:47:28', '2023-04-05 23:47:28'),
(1475, '', '2023-04-05 23:47:28', '2023-04-05 23:47:28'),
(1476, '', '2023-04-05 23:47:28', '2023-04-05 23:47:28'),
(1477, '', '2023-04-05 23:47:28', '2023-04-05 23:47:28'),
(1478, '', '2023-04-05 23:47:28', '2023-04-05 23:47:28'),
(1479, '', '2023-04-05 23:47:28', '2023-04-05 23:47:28'),
(1480, '', '2023-04-05 23:47:28', '2023-04-05 23:47:28'),
(1481, '', '2023-04-05 23:47:28', '2023-04-05 23:47:28'),
(1482, '', '2023-04-05 23:47:28', '2023-04-05 23:47:28'),
(1483, '', '2023-04-05 23:47:28', '2023-04-05 23:47:28'),
(1484, '', '2023-04-05 23:47:28', '2023-04-05 23:47:28'),
(1485, '', '2023-04-05 23:47:28', '2023-04-05 23:47:28'),
(1486, '', '2023-04-05 23:47:28', '2023-04-05 23:47:28'),
(1487, '', '2023-04-05 23:47:28', '2023-04-05 23:47:28'),
(1488, '', '2023-04-05 23:47:28', '2023-04-05 23:47:28'),
(1489, '', '2023-04-05 23:47:28', '2023-04-05 23:47:28'),
(1490, '', '2023-04-05 23:47:28', '2023-04-05 23:47:28'),
(1491, '', '2023-04-05 23:47:28', '2023-04-05 23:47:28'),
(1492, '', '2023-04-05 23:47:28', '2023-04-05 23:47:28'),
(1493, '', '2023-04-05 23:47:28', '2023-04-05 23:47:28'),
(1494, '', '2023-04-05 23:47:28', '2023-04-05 23:47:28'),
(1495, '', '2023-04-05 23:47:28', '2023-04-05 23:47:28'),
(1496, '', '2023-04-05 23:47:28', '2023-04-05 23:47:28'),
(1497, '', '2023-04-05 23:47:28', '2023-04-05 23:47:28'),
(1498, '', '2023-04-05 23:47:28', '2023-04-05 23:47:28'),
(1499, '', '2023-04-05 23:47:28', '2023-04-05 23:47:28'),
(1500, '', '2023-04-05 23:47:28', '2023-04-05 23:47:28'),
(1501, '', '2023-04-05 23:47:28', '2023-04-05 23:47:28'),
(1502, '', '2023-04-05 23:47:28', '2023-04-05 23:47:28'),
(1503, '', '2023-04-05 23:47:28', '2023-04-05 23:47:28'),
(1504, '', '2023-04-05 23:47:28', '2023-04-05 23:47:28'),
(1505, '', '2023-04-05 23:47:28', '2023-04-05 23:47:28'),
(1506, '', '2023-04-05 23:47:28', '2023-04-05 23:47:28'),
(1507, '', '2023-04-05 23:47:28', '2023-04-05 23:47:28'),
(1508, '', '2023-04-05 23:47:28', '2023-04-05 23:47:28'),
(1509, '', '2023-04-05 23:47:28', '2023-04-05 23:47:28'),
(1510, '', '2023-04-05 23:47:28', '2023-04-05 23:47:28'),
(1511, '', '2023-04-05 23:47:28', '2023-04-05 23:47:28'),
(1512, '', '2023-04-05 23:47:28', '2023-04-05 23:47:28'),
(1513, '', '2023-04-05 23:47:28', '2023-04-05 23:47:28'),
(1514, '', '2023-04-05 23:47:28', '2023-04-05 23:47:28'),
(1515, '', '2023-04-05 23:47:28', '2023-04-05 23:47:28'),
(1516, '', '2023-04-05 23:47:28', '2023-04-05 23:47:28'),
(1517, '', '2023-04-05 23:47:28', '2023-04-05 23:47:28'),
(1518, '', '2023-04-05 23:47:28', '2023-04-05 23:47:28'),
(1519, '', '2023-04-05 23:47:28', '2023-04-05 23:47:28'),
(1520, '', '2023-04-05 23:47:28', '2023-04-05 23:47:28'),
(1521, '', '2023-04-05 23:47:28', '2023-04-05 23:47:28'),
(1522, '', '2023-04-05 23:47:28', '2023-04-05 23:47:28'),
(1523, '', '2023-04-06 02:37:40', '2023-04-06 02:37:40'),
(1524, '', '2023-04-06 02:37:40', '2023-04-06 02:37:40'),
(1525, '', '2023-04-06 02:37:40', '2023-04-06 02:37:40'),
(1526, '', '2023-04-06 02:37:40', '2023-04-06 02:37:40'),
(1527, '', '2023-04-06 02:37:40', '2023-04-06 02:37:40'),
(1528, '', '2023-04-06 02:38:39', '2023-04-06 02:38:39'),
(1529, '', '2023-04-06 02:38:39', '2023-04-06 02:38:39'),
(1530, '', '2023-04-06 02:38:39', '2023-04-06 02:38:39'),
(1531, '', '2023-04-06 02:38:39', '2023-04-06 02:38:39'),
(1532, '', '2023-04-06 02:38:39', '2023-04-06 02:38:39'),
(1533, '', '2023-04-06 02:38:41', '2023-04-06 02:38:41'),
(1534, '', '2023-04-06 02:38:41', '2023-04-06 02:38:41'),
(1535, '', '2023-04-06 02:38:41', '2023-04-06 02:38:41'),
(1536, '', '2023-04-06 02:38:41', '2023-04-06 02:38:41'),
(1537, '', '2023-04-06 02:38:41', '2023-04-06 02:38:41'),
(1538, '', '2023-04-06 02:45:33', '2023-04-06 02:45:33'),
(1539, '', '2023-04-06 02:45:33', '2023-04-06 02:45:33'),
(1540, '', '2023-04-06 02:47:28', '2023-04-06 02:47:28'),
(1541, '', '2023-04-06 02:47:28', '2023-04-06 02:47:28'),
(1542, '', '2023-04-06 02:48:01', '2023-04-06 02:48:01'),
(1543, '', '2023-04-06 02:48:01', '2023-04-06 02:48:01'),
(1544, '', '2023-04-06 02:48:01', '2023-04-06 02:48:01'),
(1545, '', '2023-04-06 02:48:01', '2023-04-06 02:48:01'),
(1546, '', '2023-04-06 02:48:01', '2023-04-06 02:48:01'),
(1547, '', '2023-04-06 02:48:01', '2023-04-06 02:48:01'),
(1548, '', '2023-04-06 02:48:01', '2023-04-06 02:48:01'),
(1549, '', '2023-04-06 02:48:01', '2023-04-06 02:48:01'),
(1550, '', '2023-04-06 02:48:01', '2023-04-06 02:48:01'),
(1551, '', '2023-04-06 02:48:01', '2023-04-06 02:48:01'),
(1552, '', '2023-04-06 02:48:01', '2023-04-06 02:48:01'),
(1553, '', '2023-04-06 02:48:01', '2023-04-06 02:48:01'),
(1554, '', '2023-04-06 02:48:01', '2023-04-06 02:48:01'),
(1555, '', '2023-04-06 02:48:01', '2023-04-06 02:48:01'),
(1556, '', '2023-04-06 02:48:01', '2023-04-06 02:48:01'),
(1557, '', '2023-04-06 02:48:01', '2023-04-06 02:48:01'),
(1558, '', '2023-04-06 02:48:01', '2023-04-06 02:48:01'),
(1559, '', '2023-04-06 02:48:01', '2023-04-06 02:48:01'),
(1560, '', '2023-04-06 02:48:01', '2023-04-06 02:48:01'),
(1561, '', '2023-04-06 02:48:01', '2023-04-06 02:48:01'),
(1562, '', '2023-04-06 02:48:01', '2023-04-06 02:48:01'),
(1563, '', '2023-04-06 02:48:01', '2023-04-06 02:48:01'),
(1564, '', '2023-04-06 02:48:01', '2023-04-06 02:48:01'),
(1565, '', '2023-04-06 02:48:01', '2023-04-06 02:48:01'),
(1566, '', '2023-04-06 02:48:01', '2023-04-06 02:48:01'),
(1567, '', '2023-04-06 02:48:01', '2023-04-06 02:48:01'),
(1568, '', '2023-04-06 02:48:01', '2023-04-06 02:48:01'),
(1569, '', '2023-04-06 02:48:01', '2023-04-06 02:48:01'),
(1570, '', '2023-04-06 02:48:01', '2023-04-06 02:48:01'),
(1571, '', '2023-04-06 02:48:01', '2023-04-06 02:48:01'),
(1572, '', '2023-04-06 02:48:01', '2023-04-06 02:48:01'),
(1573, '', '2023-04-06 02:48:01', '2023-04-06 02:48:01'),
(1574, '', '2023-04-06 02:48:01', '2023-04-06 02:48:01'),
(1575, '', '2023-04-06 02:48:01', '2023-04-06 02:48:01'),
(1576, '', '2023-04-06 02:48:01', '2023-04-06 02:48:01'),
(1577, '', '2023-04-06 02:48:01', '2023-04-06 02:48:01'),
(1578, '', '2023-04-06 02:48:01', '2023-04-06 02:48:01'),
(1579, '', '2023-04-06 02:48:01', '2023-04-06 02:48:01'),
(1580, '', '2023-04-06 02:48:01', '2023-04-06 02:48:01'),
(1581, '', '2023-04-06 02:48:01', '2023-04-06 02:48:01'),
(1582, '', '2023-04-06 02:48:01', '2023-04-06 02:48:01'),
(1583, '', '2023-04-06 02:48:01', '2023-04-06 02:48:01'),
(1584, '', '2023-04-06 02:48:01', '2023-04-06 02:48:01'),
(1585, '', '2023-04-06 02:48:01', '2023-04-06 02:48:01'),
(1586, '', '2023-04-06 02:48:01', '2023-04-06 02:48:01'),
(1587, '', '2023-04-06 02:48:01', '2023-04-06 02:48:01'),
(1588, '', '2023-04-06 02:48:01', '2023-04-06 02:48:01'),
(1589, '', '2023-04-06 02:48:01', '2023-04-06 02:48:01'),
(1590, '', '2023-04-06 02:48:01', '2023-04-06 02:48:01'),
(1591, '', '2023-04-06 02:48:01', '2023-04-06 02:48:01'),
(1592, '', '2023-04-06 02:48:01', '2023-04-06 02:48:01'),
(1593, '', '2023-04-06 02:48:01', '2023-04-06 02:48:01'),
(1594, '', '2023-04-06 02:48:01', '2023-04-06 02:48:01'),
(1595, '', '2023-04-06 02:48:01', '2023-04-06 02:48:01'),
(1596, '', '2023-04-06 02:48:01', '2023-04-06 02:48:01'),
(1597, '', '2023-04-06 02:48:01', '2023-04-06 02:48:01'),
(1598, '', '2023-04-06 02:48:01', '2023-04-06 02:48:01'),
(1599, '', '2023-04-06 02:48:01', '2023-04-06 02:48:01'),
(1600, '', '2023-04-06 02:48:01', '2023-04-06 02:48:01'),
(1601, '', '2023-04-06 02:48:01', '2023-04-06 02:48:01'),
(1602, '', '2023-04-06 02:48:01', '2023-04-06 02:48:01'),
(1603, '', '2023-04-06 02:48:01', '2023-04-06 02:48:01'),
(1604, '', '2023-04-06 02:48:01', '2023-04-06 02:48:01'),
(1605, '', '2023-04-06 02:48:01', '2023-04-06 02:48:01'),
(1606, '', '2023-04-06 02:48:01', '2023-04-06 02:48:01'),
(1607, '', '2023-04-06 02:48:01', '2023-04-06 02:48:01'),
(1608, '', '2023-04-06 02:48:01', '2023-04-06 02:48:01'),
(1609, '', '2023-04-06 02:48:01', '2023-04-06 02:48:01'),
(1610, '', '2023-04-06 02:48:01', '2023-04-06 02:48:01'),
(1611, '', '2023-04-06 02:48:01', '2023-04-06 02:48:01'),
(1612, '', '2023-04-06 02:48:01', '2023-04-06 02:48:01'),
(1613, '', '2023-04-06 02:48:01', '2023-04-06 02:48:01'),
(1614, '', '2023-04-06 02:48:01', '2023-04-06 02:48:01'),
(1615, '', '2023-04-06 02:48:01', '2023-04-06 02:48:01'),
(1616, '', '2023-04-06 02:48:01', '2023-04-06 02:48:01'),
(1617, '', '2023-04-06 02:48:01', '2023-04-06 02:48:01'),
(1618, '', '2023-04-06 02:48:01', '2023-04-06 02:48:01'),
(1619, '', '2023-04-06 02:48:01', '2023-04-06 02:48:01'),
(1620, '', '2023-04-06 02:48:01', '2023-04-06 02:48:01'),
(1621, '', '2023-04-06 02:48:01', '2023-04-06 02:48:01'),
(1622, '', '2023-04-06 02:48:01', '2023-04-06 02:48:01'),
(1623, '', '2023-04-06 02:48:01', '2023-04-06 02:48:01'),
(1624, '', '2023-04-06 02:48:01', '2023-04-06 02:48:01'),
(1625, '', '2023-04-06 02:48:01', '2023-04-06 02:48:01'),
(1626, '', '2023-04-06 02:48:01', '2023-04-06 02:48:01'),
(1627, '', '2023-04-06 02:48:01', '2023-04-06 02:48:01'),
(1628, '', '2023-04-06 02:48:01', '2023-04-06 02:48:01'),
(1629, '', '2023-04-06 02:48:01', '2023-04-06 02:48:01'),
(1630, '', '2023-04-06 02:48:01', '2023-04-06 02:48:01'),
(1631, '', '2023-04-06 02:48:01', '2023-04-06 02:48:01'),
(1632, '', '2023-04-06 02:48:01', '2023-04-06 02:48:01'),
(1633, '', '2023-04-06 02:48:01', '2023-04-06 02:48:01'),
(1634, '', '2023-04-06 02:48:01', '2023-04-06 02:48:01'),
(1635, '', '2023-04-06 02:48:01', '2023-04-06 02:48:01'),
(1636, '', '2023-04-06 02:48:01', '2023-04-06 02:48:01'),
(1637, '', '2023-04-06 02:48:01', '2023-04-06 02:48:01'),
(1638, '', '2023-04-06 02:48:01', '2023-04-06 02:48:01'),
(1639, '', '2023-04-06 02:48:01', '2023-04-06 02:48:01'),
(1640, '', '2023-04-06 02:48:01', '2023-04-06 02:48:01'),
(1641, '', '2023-04-06 02:48:01', '2023-04-06 02:48:01'),
(1642, '', '2023-04-06 02:48:01', '2023-04-06 02:48:01'),
(1643, '', '2023-04-06 02:48:01', '2023-04-06 02:48:01'),
(1644, '', '2023-04-06 02:48:01', '2023-04-06 02:48:01'),
(1645, '', '2023-04-06 02:48:01', '2023-04-06 02:48:01'),
(1646, '', '2023-04-06 02:48:01', '2023-04-06 02:48:01'),
(1647, '', '2023-04-06 02:48:01', '2023-04-06 02:48:01'),
(1648, '', '2023-04-06 02:48:01', '2023-04-06 02:48:01'),
(1649, '', '2023-04-06 02:48:01', '2023-04-06 02:48:01'),
(1650, '', '2023-04-06 02:48:01', '2023-04-06 02:48:01'),
(1651, '', '2023-04-06 02:48:01', '2023-04-06 02:48:01'),
(1652, '', '2023-04-06 02:48:01', '2023-04-06 02:48:01'),
(1653, '', '2023-04-06 02:48:01', '2023-04-06 02:48:01'),
(1654, '', '2023-04-06 02:48:01', '2023-04-06 02:48:01'),
(1655, '', '2023-04-06 02:48:01', '2023-04-06 02:48:01'),
(1656, '', '2023-04-06 02:48:01', '2023-04-06 02:48:01'),
(1657, '', '2023-04-06 02:48:01', '2023-04-06 02:48:01'),
(1658, '', '2023-04-06 02:48:01', '2023-04-06 02:48:01'),
(1659, '', '2023-04-06 02:48:01', '2023-04-06 02:48:01'),
(1660, '', '2023-04-06 02:48:01', '2023-04-06 02:48:01'),
(1661, '', '2023-04-06 02:48:01', '2023-04-06 02:48:01'),
(1662, '', '2023-04-06 02:48:01', '2023-04-06 02:48:01'),
(1663, '', '2023-04-06 02:48:01', '2023-04-06 02:48:01'),
(1664, '', '2023-04-06 02:48:01', '2023-04-06 02:48:01'),
(1665, '', '2023-04-06 02:48:01', '2023-04-06 02:48:01'),
(1666, '', '2023-04-06 02:48:01', '2023-04-06 02:48:01'),
(1667, '', '2023-04-06 02:48:01', '2023-04-06 02:48:01'),
(1668, '', '2023-04-06 02:48:01', '2023-04-06 02:48:01'),
(1669, '', '2023-04-06 02:48:01', '2023-04-06 02:48:01'),
(1670, '', '2023-04-06 02:48:01', '2023-04-06 02:48:01'),
(1671, '', '2023-04-06 02:48:01', '2023-04-06 02:48:01'),
(1672, '', '2023-04-06 02:48:01', '2023-04-06 02:48:01'),
(1673, '', '2023-04-06 02:48:01', '2023-04-06 02:48:01'),
(1674, '', '2023-04-06 02:48:01', '2023-04-06 02:48:01'),
(1675, '', '2023-04-06 02:48:01', '2023-04-06 02:48:01'),
(1676, '', '2023-04-06 02:48:01', '2023-04-06 02:48:01'),
(1677, '', '2023-04-06 02:48:01', '2023-04-06 02:48:01'),
(1678, '', '2023-04-06 02:48:01', '2023-04-06 02:48:01'),
(1679, '', '2023-04-06 02:48:01', '2023-04-06 02:48:01'),
(1680, '', '2023-04-06 02:48:01', '2023-04-06 02:48:01'),
(1681, '', '2023-04-06 02:48:01', '2023-04-06 02:48:01'),
(1682, '', '2023-04-06 02:48:01', '2023-04-06 02:48:01'),
(1683, '', '2023-04-06 02:48:01', '2023-04-06 02:48:01'),
(1684, '', '2023-04-06 02:48:01', '2023-04-06 02:48:01'),
(1685, '', '2023-04-06 02:48:01', '2023-04-06 02:48:01'),
(1686, '', '2023-04-06 02:48:01', '2023-04-06 02:48:01'),
(1687, '', '2023-04-06 02:48:01', '2023-04-06 02:48:01'),
(1688, '', '2023-04-06 02:48:01', '2023-04-06 02:48:01'),
(1689, '', '2023-04-06 02:48:01', '2023-04-06 02:48:01'),
(1690, '', '2023-04-06 02:48:01', '2023-04-06 02:48:01'),
(1691, '', '2023-04-06 02:48:01', '2023-04-06 02:48:01'),
(1692, '', '2023-04-06 02:48:01', '2023-04-06 02:48:01'),
(1693, '', '2023-04-06 02:48:01', '2023-04-06 02:48:01'),
(1694, '', '2023-04-06 02:48:01', '2023-04-06 02:48:01'),
(1695, '', '2023-04-06 02:48:01', '2023-04-06 02:48:01'),
(1696, '', '2023-04-06 02:48:01', '2023-04-06 02:48:01'),
(1697, '', '2023-04-06 02:48:01', '2023-04-06 02:48:01'),
(1698, '', '2023-04-06 02:48:01', '2023-04-06 02:48:01'),
(1699, '', '2023-04-06 02:48:01', '2023-04-06 02:48:01'),
(1700, '', '2023-04-06 02:48:01', '2023-04-06 02:48:01'),
(1701, '', '2023-04-06 02:48:01', '2023-04-06 02:48:01'),
(1702, '', '2023-04-06 02:48:01', '2023-04-06 02:48:01'),
(1703, '', '2023-04-06 02:48:01', '2023-04-06 02:48:01'),
(1704, '', '2023-04-06 02:48:01', '2023-04-06 02:48:01'),
(1705, '', '2023-04-06 02:48:01', '2023-04-06 02:48:01'),
(1706, '', '2023-04-06 02:48:01', '2023-04-06 02:48:01'),
(1707, '', '2023-04-06 02:48:01', '2023-04-06 02:48:01'),
(1708, '', '2023-04-06 02:48:01', '2023-04-06 02:48:01'),
(1709, '', '2023-04-06 02:48:01', '2023-04-06 02:48:01'),
(1710, '', '2023-04-06 02:48:01', '2023-04-06 02:48:01'),
(1711, '', '2023-04-06 02:48:01', '2023-04-06 02:48:01'),
(1712, '', '2023-04-06 02:48:01', '2023-04-06 02:48:01'),
(1713, '', '2023-04-06 02:48:01', '2023-04-06 02:48:01'),
(1714, '', '2023-04-06 02:48:01', '2023-04-06 02:48:01'),
(1715, '', '2023-04-06 02:48:01', '2023-04-06 02:48:01'),
(1716, '', '2023-04-06 02:48:01', '2023-04-06 02:48:01'),
(1717, '', '2023-04-06 02:48:01', '2023-04-06 02:48:01'),
(1718, '', '2023-04-06 02:48:01', '2023-04-06 02:48:01'),
(1719, '', '2023-04-06 02:48:01', '2023-04-06 02:48:01'),
(1720, '', '2023-04-06 02:48:01', '2023-04-06 02:48:01'),
(1721, '', '2023-04-06 08:32:03', '2023-04-06 08:32:03'),
(1722, '', '2023-04-06 08:32:03', '2023-04-06 08:32:03'),
(1723, '', '2023-04-06 08:32:03', '2023-04-06 08:32:03'),
(1724, '', '2023-04-06 08:32:03', '2023-04-06 08:32:03'),
(1725, '', '2023-04-06 08:32:03', '2023-04-06 08:32:03'),
(1726, '', '2023-04-06 08:33:01', '2023-04-06 08:33:01'),
(1727, '', '2023-04-06 08:33:01', '2023-04-06 08:33:01'),
(1728, '', '2023-04-06 08:33:01', '2023-04-06 08:33:01'),
(1729, '', '2023-04-06 08:33:01', '2023-04-06 08:33:01'),
(1730, '', '2023-04-06 08:33:01', '2023-04-06 08:33:01');

--
-- Indexes for dumped tables
--

--
-- Indexes for table `attributes`
--
ALTER TABLE `attributes`
  ADD PRIMARY KEY (`id`);

--
-- Indexes for table `calendar_events`
--
ALTER TABLE `calendar_events`
  ADD PRIMARY KEY (`id`);

--
-- Indexes for table `failed_jobs`
--
ALTER TABLE `failed_jobs`
  ADD PRIMARY KEY (`id`),
  ADD UNIQUE KEY `failed_jobs_uuid_unique` (`uuid`);

--
-- Indexes for table `families`
--
ALTER TABLE `families`
  ADD PRIMARY KEY (`id`);

--
-- Indexes for table `family_attributes`
--
ALTER TABLE `family_attributes`
  ADD PRIMARY KEY (`id`);

--
-- Indexes for table `family_attribute_value`
--
ALTER TABLE `family_attribute_value`
  ADD PRIMARY KEY (`id`);

--
-- Indexes for table `forum_categories`
--
ALTER TABLE `forum_categories`
  ADD PRIMARY KEY (`id`),
  ADD KEY `forum_categories__lft__rgt_parent_id_index` (`_lft`,`_rgt`,`parent_id`);

--
-- Indexes for table `forum_posts`
--
ALTER TABLE `forum_posts`
  ADD PRIMARY KEY (`id`),
  ADD KEY `forum_posts_thread_id_index` (`thread_id`);

--
-- Indexes for table `forum_threads`
--
ALTER TABLE `forum_threads`
  ADD PRIMARY KEY (`id`),
  ADD KEY `forum_threads_category_id_index` (`category_id`);

--
-- Indexes for table `guilds`
--
ALTER TABLE `guilds`
  ADD PRIMARY KEY (`id`);

--
-- Indexes for table `guild_attributes`
--
ALTER TABLE `guild_attributes`
  ADD PRIMARY KEY (`id`);

--
-- Indexes for table `guild_attribute_value`
--
ALTER TABLE `guild_attribute_value`
  ADD PRIMARY KEY (`id`);

--
-- Indexes for table `kingdoms`
--
ALTER TABLE `kingdoms`
  ADD PRIMARY KEY (`id`);

--
-- Indexes for table `kingdom_attributes`
--
ALTER TABLE `kingdom_attributes`
  ADD PRIMARY KEY (`id`);

--
-- Indexes for table `kingdom_attribute_value`
--
ALTER TABLE `kingdom_attribute_value`
  ADD PRIMARY KEY (`id`);

--
-- Indexes for table `migrations`
--
ALTER TABLE `migrations`
  ADD PRIMARY KEY (`id`);

--
-- Indexes for table `oauth_access_tokens`
--
ALTER TABLE `oauth_access_tokens`
  ADD PRIMARY KEY (`id`),
  ADD KEY `oauth_access_tokens_user_id_index` (`user_id`);

--
-- Indexes for table `oauth_auth_codes`
--
ALTER TABLE `oauth_auth_codes`
  ADD PRIMARY KEY (`id`),
  ADD KEY `oauth_auth_codes_user_id_index` (`user_id`);

--
-- Indexes for table `oauth_clients`
--
ALTER TABLE `oauth_clients`
  ADD PRIMARY KEY (`id`),
  ADD KEY `oauth_clients_user_id_index` (`user_id`);

--
-- Indexes for table `oauth_personal_access_clients`
--
ALTER TABLE `oauth_personal_access_clients`
  ADD PRIMARY KEY (`id`);

--
-- Indexes for table `oauth_refresh_tokens`
--
ALTER TABLE `oauth_refresh_tokens`
  ADD PRIMARY KEY (`id`),
  ADD KEY `oauth_refresh_tokens_access_token_id_index` (`access_token_id`);

--
-- Indexes for table `password_resets`
--
ALTER TABLE `password_resets`
  ADD KEY `password_resets_email_index` (`email`);

--
-- Indexes for table `personal_access_tokens`
--
ALTER TABLE `personal_access_tokens`
  ADD PRIMARY KEY (`id`),
  ADD UNIQUE KEY `personal_access_tokens_token_unique` (`token`),
  ADD KEY `personal_access_tokens_tokenable_type_tokenable_id_index` (`tokenable_type`,`tokenable_id`);

--
-- Indexes for table `religions`
--
ALTER TABLE `religions`
  ADD PRIMARY KEY (`id`);

--
-- Indexes for table `religion_attributes`
--
ALTER TABLE `religion_attributes`
  ADD PRIMARY KEY (`id`);

--
-- Indexes for table `religion_attribute_value`
--
ALTER TABLE `religion_attribute_value`
  ADD PRIMARY KEY (`id`);

--
-- Indexes for table `sessions`
--
ALTER TABLE `sessions`
  ADD PRIMARY KEY (`id`),
  ADD KEY `sessions_user_id_index` (`user_id`),
  ADD KEY `sessions_last_activity_index` (`last_activity`);

--
-- Indexes for table `teams`
--
ALTER TABLE `teams`
  ADD PRIMARY KEY (`id`),
  ADD KEY `teams_user_id_index` (`user_id`);

--
-- Indexes for table `team_invitations`
--
ALTER TABLE `team_invitations`
  ADD PRIMARY KEY (`id`),
  ADD UNIQUE KEY `team_invitations_team_id_email_unique` (`team_id`,`email`);

--
-- Indexes for table `team_user`
--
ALTER TABLE `team_user`
  ADD PRIMARY KEY (`id`),
  ADD UNIQUE KEY `team_user_team_id_user_id_unique` (`team_id`,`user_id`);

--
-- Indexes for table `users`
--
ALTER TABLE `users`
  ADD PRIMARY KEY (`id`),
  ADD UNIQUE KEY `users_email_unique` (`email`);

--
-- Indexes for table `user_attributes`
--
ALTER TABLE `user_attributes`
  ADD PRIMARY KEY (`id`);

--
-- Indexes for table `user_attribute_value`
--
ALTER TABLE `user_attribute_value`
  ADD PRIMARY KEY (`id`);

--
-- Indexes for table `user_type`
--
ALTER TABLE `user_type`
  ADD PRIMARY KEY (`id`);

--
-- Indexes for table `values`
--
ALTER TABLE `values`
  ADD PRIMARY KEY (`id`);

--
-- AUTO_INCREMENT for dumped tables
--

--
-- AUTO_INCREMENT for table `attributes`
--
ALTER TABLE `attributes`
  MODIFY `id` int(10) UNSIGNED NOT NULL AUTO_INCREMENT, AUTO_INCREMENT=11;

--
-- AUTO_INCREMENT for table `calendar_events`
--
ALTER TABLE `calendar_events`
  MODIFY `id` int(10) UNSIGNED NOT NULL AUTO_INCREMENT, AUTO_INCREMENT=18;

--
-- AUTO_INCREMENT for table `failed_jobs`
--
ALTER TABLE `failed_jobs`
  MODIFY `id` bigint(20) UNSIGNED NOT NULL AUTO_INCREMENT;

--
-- AUTO_INCREMENT for table `families`
--
ALTER TABLE `families`
  MODIFY `id` int(10) UNSIGNED NOT NULL AUTO_INCREMENT, AUTO_INCREMENT=20;

--
-- AUTO_INCREMENT for table `family_attributes`
--
ALTER TABLE `family_attributes`
  MODIFY `id` int(10) UNSIGNED NOT NULL AUTO_INCREMENT, AUTO_INCREMENT=6;

--
-- AUTO_INCREMENT for table `family_attribute_value`
--
ALTER TABLE `family_attribute_value`
  MODIFY `id` bigint(20) UNSIGNED NOT NULL AUTO_INCREMENT, AUTO_INCREMENT=1359;

--
-- AUTO_INCREMENT for table `forum_categories`
--
ALTER TABLE `forum_categories`
  MODIFY `id` int(10) UNSIGNED NOT NULL AUTO_INCREMENT, AUTO_INCREMENT=2;

--
-- AUTO_INCREMENT for table `forum_posts`
--
ALTER TABLE `forum_posts`
  MODIFY `id` int(10) UNSIGNED NOT NULL AUTO_INCREMENT, AUTO_INCREMENT=3;

--
-- AUTO_INCREMENT for table `forum_threads`
--
ALTER TABLE `forum_threads`
  MODIFY `id` int(10) UNSIGNED NOT NULL AUTO_INCREMENT, AUTO_INCREMENT=2;

--
-- AUTO_INCREMENT for table `guilds`
--
ALTER TABLE `guilds`
  MODIFY `id` int(10) UNSIGNED NOT NULL AUTO_INCREMENT, AUTO_INCREMENT=180;

--
-- AUTO_INCREMENT for table `guild_attributes`
--
ALTER TABLE `guild_attributes`
  MODIFY `id` int(10) UNSIGNED NOT NULL AUTO_INCREMENT, AUTO_INCREMENT=22;

--
-- AUTO_INCREMENT for table `guild_attribute_value`
--
ALTER TABLE `guild_attribute_value`
  MODIFY `id` bigint(20) UNSIGNED NOT NULL AUTO_INCREMENT, AUTO_INCREMENT=360;

--
-- AUTO_INCREMENT for table `kingdoms`
--
ALTER TABLE `kingdoms`
  MODIFY `id` int(10) UNSIGNED NOT NULL AUTO_INCREMENT, AUTO_INCREMENT=13;

--
-- AUTO_INCREMENT for table `kingdom_attributes`
--
ALTER TABLE `kingdom_attributes`
  MODIFY `id` int(10) UNSIGNED NOT NULL AUTO_INCREMENT;

--
-- AUTO_INCREMENT for table `kingdom_attribute_value`
--
ALTER TABLE `kingdom_attribute_value`
  MODIFY `id` bigint(20) UNSIGNED NOT NULL AUTO_INCREMENT;

--
-- AUTO_INCREMENT for table `migrations`
--
ALTER TABLE `migrations`
  MODIFY `id` int(10) UNSIGNED NOT NULL AUTO_INCREMENT, AUTO_INCREMENT=130;

--
-- AUTO_INCREMENT for table `oauth_clients`
--
ALTER TABLE `oauth_clients`
  MODIFY `id` bigint(20) UNSIGNED NOT NULL AUTO_INCREMENT;

--
-- AUTO_INCREMENT for table `oauth_personal_access_clients`
--
ALTER TABLE `oauth_personal_access_clients`
  MODIFY `id` bigint(20) UNSIGNED NOT NULL AUTO_INCREMENT;

--
-- AUTO_INCREMENT for table `personal_access_tokens`
--
ALTER TABLE `personal_access_tokens`
  MODIFY `id` bigint(20) UNSIGNED NOT NULL AUTO_INCREMENT;

--
-- AUTO_INCREMENT for table `religions`
--
ALTER TABLE `religions`
  MODIFY `id` int(10) UNSIGNED NOT NULL AUTO_INCREMENT, AUTO_INCREMENT=30;

--
-- AUTO_INCREMENT for table `religion_attributes`
--
ALTER TABLE `religion_attributes`
  MODIFY `id` int(10) UNSIGNED NOT NULL AUTO_INCREMENT;

--
-- AUTO_INCREMENT for table `religion_attribute_value`
--
ALTER TABLE `religion_attribute_value`
  MODIFY `id` bigint(20) UNSIGNED NOT NULL AUTO_INCREMENT;

--
-- AUTO_INCREMENT for table `teams`
--
ALTER TABLE `teams`
  MODIFY `id` bigint(20) UNSIGNED NOT NULL AUTO_INCREMENT;

--
-- AUTO_INCREMENT for table `team_invitations`
--
ALTER TABLE `team_invitations`
  MODIFY `id` bigint(20) UNSIGNED NOT NULL AUTO_INCREMENT;

--
-- AUTO_INCREMENT for table `team_user`
--
ALTER TABLE `team_user`
  MODIFY `id` bigint(20) UNSIGNED NOT NULL AUTO_INCREMENT;

--
-- AUTO_INCREMENT for table `users`
--
ALTER TABLE `users`
  MODIFY `id` bigint(20) UNSIGNED NOT NULL AUTO_INCREMENT, AUTO_INCREMENT=3;

--
-- AUTO_INCREMENT for table `user_attributes`
--
ALTER TABLE `user_attributes`
  MODIFY `id` int(10) UNSIGNED NOT NULL AUTO_INCREMENT, AUTO_INCREMENT=3;

--
-- AUTO_INCREMENT for table `user_attribute_value`
--
ALTER TABLE `user_attribute_value`
  MODIFY `id` bigint(20) UNSIGNED NOT NULL AUTO_INCREMENT, AUTO_INCREMENT=5;

--
-- AUTO_INCREMENT for table `user_type`
--
ALTER TABLE `user_type`
  MODIFY `id` int(10) UNSIGNED NOT NULL AUTO_INCREMENT, AUTO_INCREMENT=3;

--
-- AUTO_INCREMENT for table `values`
--
ALTER TABLE `values`
  MODIFY `id` int(10) UNSIGNED NOT NULL AUTO_INCREMENT, AUTO_INCREMENT=1731;

--
-- Constraints for dumped tables
--

--
-- Constraints for table `team_invitations`
--
ALTER TABLE `team_invitations`
  ADD CONSTRAINT `team_invitations_team_id_foreign` FOREIGN KEY (`team_id`) REFERENCES `teams` (`id`) ON DELETE CASCADE;
COMMIT;

/*!40101 SET CHARACTER_SET_CLIENT=@OLD_CHARACTER_SET_CLIENT */;
/*!40101 SET CHARACTER_SET_RESULTS=@OLD_CHARACTER_SET_RESULTS */;
/*!40101 SET COLLATION_CONNECTION=@OLD_COLLATION_CONNECTION */;
